month,value,year,month_of_year
1961-01-01,11355,1961,1
1961-02-01,11060,1961,2
1961-03-01,12884,1961,3
1961-04-01,13162,1961,4
1961-05-01,11895,1961,5
1961-06-01,10897,1961,6
1961-07-01,12350,1961,7
1961-08-01,12959,1961,8
1961-09-01,13202,1961,9
1961-10-01,13218,1961,10
1961-11-01,13314,1961,11
1961-12-01,13463,1961,12
1962-01-01,12949,1962,1
1962-02-01,12432,1962,2
1962-03-01,14028,1962,3
1962-04-01,14933,1962,4
1962-05-01,13975,1962,5
1962-06-01,12547,1962,6
1962-07-01,13904,1962,7
1962-08-01,14877,1962,8
1962-09-01,15255,1962,9
1962-10-01,14717,1962,10
1962-11-01,15993,1962,11
1962-12-01,15528,1962,12
1963-01-01,14363,1963,1
1963-02-01,13699,1963,2
1963-03-01,15784,1963,3
1963-04-01,17060,1963,4
1963-05-01,15784,1963,5
1963-06-01,13725,1963,6
1963-07-01,16687,1963,7
1963-08-01,17600,1963,8
1963-09-01,16687,1963,9
1963-10-01,15086,1963,10
1963-11-01,16353,1963,11
1963-12-01,15122,1963,12
1964-01-01,14346,1964,1
1964-02-01,17312,1964,2
1964-03-01,17275,1964,3
1964-04-01,17125,1964,4
1964-05-01,16546,1964,5
1964-06-01,14148,1964,6
1964-07-01,15594,1964,7
1964-08-01,16818,1964,8
1964-09-01,15232,1964,9
1964-10-01,16309,1964,10
1964-11-01,18335,1964,11
1964-12-01,19589,1964,12
1965-01-01,17955,1965,1
1965-02-01,17528,1965,2
1965-03-01,19093,1965,3
1965-04-01,20331,1965,4
1965-05-01,19870,1965,5
1965-06-01,16298,1965,6
1965-07-01,19684,1965,7
1965-08-01,21016,1965,8
1965-09-01,20302,1965,9
1965-10-01,19955,1965,10
1965-11-01,20426,1965,11
1965-12-01,21269,1965,12
1966-01-01,20684,1966,1
1966-02-01,19138,1966,2
1966-03-01,19557,1966,3
1966-04-01,22675,1966,4
1966-05-01,21228,1966,5
1966-06-01,19913,1966,6
1966-07-01,23038,1966,7
1966-08-01,24675,1966,8
1966-09-01,23185,1966,9
1966-10-01,24043,1966,10
1966-11-01,25736,1966,11
1966-12-01,28318,1966,12
1967-01-01,25437,1967,1
1967-02-01,24733,1967,2
1967-03-01,26682,1967,3
1967-04-01,30273,1967,4
1967-05-01,28255,1967,5
1967-06-01,25942,1967,6
1967-07-01,31328,1967,7
1967-08-01,33880,1967,8
1967-09-01,30271,1967,9
1967-10-01,30784,1967,10
1967-11-01,32377,1967,11
1967-12-01,33996,1967,12
1968-01-01,31725,1968,1
1968-02-01,31165,1968,2
1968-03-01,32437,1968,3
1968-04-01,35624,1968,4
1968-05-01,34107,1968,5
1968-06-01,31511,1968,6
1968-07-01,35185,1968,7
1968-08-01,38765,1968,8
1968-09-01,33844,1968,9
1968-10-01,36538,1968,10
1968-11-01,36944,1968,11
1968-12-01,39011,1968,12
1969-01-01,38662,1969,1
1969-02-01,35532,1969,2
1969-03-01,40554,1969,3
1969-04-01,45544,1969,4
1969-05-01,40752,1969,5
1969-06-01,39376,1969,6
1969-07-01,45626,1969,7
1969-08-01,48201,1969,8
1969-09-01,46206,1969,9
1969-10-01,48264,1969,10
1969-11-01,51158,1969,11
1969-12-01,55030,1969,12
1970-01-01,49616,1970,1
1970-02-01,45303,1970,2
1970-03-01,52506,1970,3
1970-04-01,57612,1970,4
1970-05-01,57174,1970,5
1970-06-01,53564,1970,6
1970-07-01,63288,1970,7
1970-08-01,67359,1970,8
1970-09-01,61152,1970,9
1970-10-01,56265,1970,10
1970-11-01,58300,1970,11
1970-12-01,66491,1970,12
1971-01-01,63362,1971,1
1971-02-01,57256,1971,2
1971-03-01,61145,1971,3
1971-04-01,66839,1971,4
1971-05-01,67752,1971,5
1971-06-01,62478,1971,6
1971-07-01,67672,1971,7
1971-08-01,78000,1971,8
1971-09-01,71202,1971,9
1971-10-01,75469,1971,10
1971-11-01,78591,1971,11
1971-12-01,86030,1971,12
1972-01-01,77313,1972,1
1972-02-01,76263,1972,2
1972-03-01,81697,1972,3
1972-04-01,82510,1972,4
1972-05-01,81976,1972,5
1972-06-01,79998,1972,6
1972-07-01,82762,1972,7
1972-08-01,94615,1972,8
1972-09-01,85910,1972,9
1972-10-01,91748,1972,10
1972-11-01,97175,1972,11
1972-12-01,107285,1972,12
1973-01-01,104633,1973,1
1973-02-01,98860,1973,2
1973-03-01,100881,1973,3
1973-04-01,110629,1973,4
1973-05-01,112819,1973,5
1973-06-01,102209,1973,6
1973-07-01,113549,1973,7
1973-08-01,124116,1973,8
1973-09-01,118453,1973,9
1973-10-01,121606,1973,10
1973-11-01,130741,1973,11
1973-12-01,135437,1973,12
1974-01-01,129063,1974,1
1974-02-01,114197,1974,2
1974-03-01,120810,1974,3
1974-04-01,120418,1974,4
1974-05-01,120428,1974,5
1974-06-01,121255,1974,6
1974-07-01,122402,1974,7
1974-08-01,141052,1974,8
1974-09-01,122212,1974,9
1974-10-01,125746,1974,10
1974-11-01,131768,1974,11
1974-12-01,144381,1974,12
1975-01-01,134492,1975,1
1975-02-01,123169,1975,2
1975-03-01,135029,1975,3
1975-04-01,131783,1975,4
1975-05-01,134397,1975,5
1975-06-01,129721,1975,6
1975-07-01,134239,1975,7
1975-08-01,160626,1975,8
1975-09-01,142268,1975,9
1975-10-01,142090,1975,10
1975-11-01,151272,1975,11
1975-12-01,157877,1975,12
1976-01-01,156949,1976,1
1976-02-01,138719,1976,2
1976-03-01,147434,1976,3
1976-04-01,147280,1976,4
1976-05-01,154962,1976,5
1976-06-01,144929,1976,6
1976-07-01,154309,1976,7
1976-08-01,176872,1976,8
1976-09-01,158732,1976,9
1976-10-01,157211,1976,10
1976-11-01,165310,1976,11
1976-12-01,178181,1976,12
1977-01-01,173567,1977,1
1977-02-01,152595,1977,2
1977-03-01,169530,1977,3
1977-04-01,167823,1977,4
1977-05-01,170822,1977,5
1977-06-01,165728,1977,6
1977-07-01,180801,1977,7
1977-08-01,201734,1977,8
1977-09-01,176875,1977,9
1977-10-01,174115,1977,10
1977-11-01,188334,1977,11
1977-12-01,196185,1977,12
1978-01-01,190941,1978,1
1978-02-01,171115,1978,2
1978-03-01,185946,1978,3
1978-04-01,187843,1978,4
1978-05-01,200037,1978,5
1978-06-01,185781,1978,6
1978-07-01,202644,1978,7
1978-08-01,227451,1978,8
1978-09-01,208930,1978,9
1978-10-01,205506,1978,10
1978-11-01,219369,1978,11
1978-12-01,218565,1978,12
1979-01-01,213232,1979,1
1979-02-01,188148,1979,2
1979-03-01,208566,1979,3
1979-04-01,212036,1979,4
1979-05-01,218180,1979,5
1979-06-01,218916,1979,6
1979-07-01,235195,1979,7
1979-08-01,251071,1979,8
1979-09-01,228072,1979,9
1979-10-01,236702,1979,10
1979-11-01,250583,1979,11
1979-12-01,249366,1979,12
1980-01-01,244681,1980,1
1980-02-01,234846,1980,2
1980-03-01,254054,1980,3
1980-04-01,246241,1980,4
1980-05-01,257562,1980,5
1980-06-01,253752,1980,6
1980-07-01,267734,1980,7
1980-08-01,301484,1980,8
1980-09-01,252745,1980,9
1980-10-01,265013,1980,10
1980-11-01,281055,1980,11
1980-12-01,291865,1980,12
1981-01-01,279156,1981,1
1981-02-01,268209,1981,2
1981-03-01,275807,1981,3
1981-04-01,278169,1981,4
1981-05-01,282975,1981,5
1981-06-01,294470,1981,6
1981-07-01,308379,1981,7
1981-08-01,345296,1981,8
1981-09-01,293905,1981,9
1981-10-01,300799,1981,10
1981-11-01,318522,1981,11
1981-12-01,332421,1981,12
1982-01-01,321696,1982,1
1982-02-01,277439,1982,2
1982-03-01,303970,1982,3
1982-04-01,293002,1982,4
1982-05-01,303051,1982,5
1982-06-01,316120,1982,6
1982-07-01,332958,1982,7
1982-08-01,352457,1982,8
1982-09-01,302663,1982,9
1982-10-01,313689,1982,10
1982-11-01,333171,1982,11
1982-12-01,340929,1982,12
1983-01-01,301092,1983,1
1983-02-01,291979,1983,2
1983-03-01,312900,1983,3
1983-04-01,302653,1983,4
1983-05-01,316637,1983,5
1983-06-01,323149,1983,6
1983-07-01,324985,1983,7
1983-08-01,347292,1983,8
1983-09-01,322576,1983,9
1983-10-01,318194,1983,10
1983-11-01,331275,1983,11
1983-12-01,362872,1983,12
1984-01-01,324081,1984,1
1984-02-01,313342,1984,2
1984-03-01,322451,1984,3
1984-04-01,343985,1984,4
1984-05-01,358059,1984,5
1984-06-01,348995,1984,6
1984-07-01,358759,1984,7
1984-08-01,387662,1984,8
1984-09-01,354815,1984,9
1984-10-01,351392,1984,10
1984-11-01,364580,1984,11
1984-12-01,392996,1984,12
1985-01-01,340840,1985,1
1985-02-01,343067,1985,2
1985-03-01,374569,1985,3
1985-04-01,356582,1985,4
1985-05-01,350887,1985,5
1985-06-01,390928,1985,6
1985-07-01,364918,1985,7
1985-08-01,398953,1985,8
1985-09-01,357356,1985,9
1985-10-01,352006,1985,10
1985-11-01,365469,1985,11
1985-12-01,402333,1985,12
1986-01-01,359810,1986,1
1986-02-01,352936,1986,2
1986-03-01,360529,1986,3
1986-04-01,346617,1986,4
1986-05-01,347740,1986,5
1986-06-01,384605,1986,6
1986-07-01,375483,1986,7
1986-08-01,411537,1986,8
1986-09-01,376641,1986,9
1986-10-01,368762,1986,10
1986-11-01,387711,1986,11
1986-12-01,417321,1986,12
1987-01-01,404650,1987,1
1987-02-01,361511,1987,2
1987-03-01,395166,1987,3
1987-04-01,388946,1987,4
1987-05-01,404460,1987,5
1987-06-01,429645,1987,6
1987-07-01,441798,1987,7
1987-08-01,461302,1987,8
1987-09-01,413059,1987,9
1987-10-01,421329,1987,10
1987-11-01,434099,1987,11
1987-12-01,471636,1987,12
1988-01-01,431635,1988,1
1988-02-01,432329,1988,2
1988-03-01,464304,1988,3
1988-04-01,446776,1988,4
1988-05-01,450760,1988,5
1988-06-01,468964,1988,6
1988-07-01,495765,1988,7
1988-08-01,512148,1988,8
1988-09-01,477259,1988,9
1988-10-01,480302,1988,10
1988-11-01,516054,1988,11
1988-12-01,543700,1988,12
1989-01-01,506179,1989,1
1989-02-01,488700,1989,2
1989-03-01,538332,1989,3
1989-04-01,505403,1989,4
1989-05-01,516145,1989,5
1989-06-01,524275,1989,6
1989-07-01,556509,1989,7
1989-08-01,568050,1989,8
1989-09-01,545623,1989,9
1989-10-01,546460,1989,10
1989-11-01,582149,1989,11
1989-12-01,604453,1989,12
1990-01-01,594792,1990,1
1990-02-01,541693,1990,2
1990-03-01,598589,1990,3
1990-04-01,568366,1990,4
1990-05-01,581977,1990,5
1990-06-01,595200,1990,6
1990-07-01,594662,1990,7
1990-08-01,635086,1990,8
1990-09-01,578910,1990,9
1990-10-01,589980,1990,10
1990-11-01,621951,1990,11
1990-12-01,665141,1990,12
1991-01-01,575826,1991,1
1991-02-01,506446,1991,2
1991-03-01,555604,1991,3
1991-04-01,572893,1991,4
1991-05-01,570969,1991,5
1991-06-01,671534,1991,6
1991-07-01,636840,1991,7
1991-08-01,690212,1991,8
1991-09-01,640814,1991,9
1991-10-01,638645,1991,10
1991-11-01,691891,1991,11
1991-12-01,728274,1991,12
1992-01-01,661555,1992,1
1992-02-01,677454,1992,2
1992-03-01,661903,1992,3
1992-04-01,670441,1992,4
1992-05-01,637599,1992,5
1992-06-01,708571,1992,6
1992-07-01,724192,1992,7
1992-08-01,755605,1992,8
1992-09-01,700838,1992,9
1992-10-01,687546,1992,10
1992-11-01,745416,1992,11
1992-12-01,801101,1992,12
1993-01-01,777957,1993,1
1993-02-01,668745,1993,2
1993-03-01,757973,1993,3
1993-04-01,738391,1993,4
1993-05-01,741742,1993,5
1993-06-01,788317,1993,6
1993-07-01,799070,1993,7
1993-08-01,856647,1993,8
1993-09-01,759440,1993,9
1993-10-01,774343,1993,10
1993-11-01,819798,1993,11
1993-12-01,892547,1993,12
1994-01-01,780159,1994,1
1994-02-01,781089,1994,2
1994-03-01,861838,1994,3
1994-04-01,791887,1994,4
1994-05-01,773453,1994,5
1994-06-01,820524,1994,6
1994-07-01,882883,1994,7
1994-08-01,914258,1994,8
1994-09-01,829102,1994,9
1994-10-01,829619,1994,10
1994-11-01,869041,1994,11
1994-12-01,934684,1994,12
1995-01-01,893191,1995,1
1995-02-01,790132,1995,2
1995-03-01,886766,1995,3
1995-04-01,825001,1995,4
1995-05-01,846846,1995,5
1995-06-01,877438,1995,6
1995-07-01,939947,1995,7
1995-08-01,982254,1995,8
1995-09-01,896937,1995,9
1995-10-01,903808,1995,10
1995-11-01,962035,1995,11
1995-12-01,1019102,1995,12
1996-01-01,881864,1996,1
1996-02-01,914826,1996,2
1996-03-01,955028,1996,3
1996-04-01,934467,1996,4
1996-05-01,916754,1996,5
1996-06-01,966837,1996,6
1996-07-01,973026,1996,7
1996-08-01,1012813,1996,8
1996-09-01,897118,1996,9
1996-10-01,950785,1996,10
1996-11-01,1032240,1996,11
1996-12-01,1106650,1996,12
1997-01-01,954637,1997,1
1997-02-01,981281,1997,2
1997-03-01,1035933,1997,3
1997-04-01,958872,1997,4
1997-05-01,946377,1997,5
1997-06-01,1045290,1997,6
1997-07-01,1029710,1997,7
1997-08-01,1021266,1997,8
1997-09-01,972054,1997,9
1997-10-01,909278,1997,10
1997-11-01,965003,1997,11
1997-12-01,1063558,1997,12
1998-01-01,940633,1998,1
1998-02-01,800833,1998,2
1998-03-01,900217,1998,3
1998-04-01,908228,1998,4
1998-05-01,917695,1998,5
1998-06-01,950539,1998,6
1998-07-01,926897,1998,7
1998-08-01,986561,1998,8
1998-09-01,897489,1998,9
1998-10-01,945538,1998,10
1998-11-01,977757,1998,11
1998-12-01,1078606,1998,12
1999-01-01,958437,1999,1
1999-02-01,931078,1999,2
1999-03-01,1020011,1999,3
1999-04-01,935699,1999,4
1999-05-01,957522,1999,5
1999-06-01,1049689,1999,6
1999-07-01,1036337,1999,7
1999-08-01,1067895,1999,8
1999-09-01,1008397,1999,9
1999-10-01,1040286,1999,10
1999-11-01,1116539,1999,11
1999-12-01,1091386,1999,12
2000-01-01,1025209,2000,1
2000-02-01,1036844,2000,2
2000-03-01,1107395,2000,3
2000-04-01,1111754,2000,4
2000-05-01,1079456,2000,5
2000-06-01,1117007,2000,6
2000-07-01,1151979,2000,7
2000-08-01,1162433,2000,8
2000-09-01,1119842,2000,9
2000-10-01,1128522,2000,10
2000-11-01,1169795,2000,11
2000-12-01,1208339,2000,12
2001-01-01,1150647,2001,1
2001-02-01,994565,2001,2
2001-03-01,1159572,2001,3
2001-04-01,1092985,2001,4
2001-05-01,1100331,2001,5
2001-06-01,1128957,2001,6
2001-07-01,1165466,2001,7
2001-08-01,1177845,2001,8
2001-09-01,1069052,2001,9
2001-10-01,989953,2001,10
2001-11-01,1010378,2001,11
2001-12-01,1168811,2001,12
2002-01-01,1049667,2002,1
2002-02-01,1049097,2002,2
2002-03-01,1184705,2002,3
2002-04-01,1101439,2002,4
2002-05-01,1155074,2002,5
2002-06-01,1127989,2002,6
2002-07-01,1158854,2002,7
2002-08-01,1182849,2002,8
2002-09-01,1097050,2002,9
2002-10-01,1134406,2002,10
2002-11-01,1139261,2002,11
2002-12-01,1266703,2002,12
2003-01-01,1165792,2003,1
2003-02-01,1051667,2003,2
2003-03-01,1062293,2003,3
2003-04-01,539731,2003,4
2003-05-01,460853,2003,5
2003-06-01,706953,2003,6
2003-07-01,984493,2003,7
2003-08-01,1056101,2003,8
2003-09-01,1050899,2003,9
2003-10-01,1078120,2003,10
2003-11-01,1154419,2003,11
2003-12-01,1243790,2003,12
2004-01-01,1179304,2004,1
2004-02-01,1019034,2004,2
2004-03-01,1119126,2004,3
2004-04-01,1109709,2004,4
2004-05-01,1144279,2004,5
2004-06-01,1200630,2004,6
2004-07-01,1244083,2004,7
2004-08-01,1221072,2004,8
2004-09-01,1139069,2004,9
2004-10-01,1206514,2004,10
2004-11-01,1321682,2004,11
2004-12-01,1365173,2004,12
2005-01-01,1187251,2005,1
2005-02-01,1094858,2005,2
2005-03-01,1251076,2005,3
2005-04-01,1218461,2005,4
2005-05-01,1254142,2005,5
2005-06-01,1308583,2005,6
2005-07-01,1361777,2005,7
2005-08-01,1319753,2005,8
2005-09-01,1247006,2005,9
2005-10-01,1330026,2005,10
2005-11-01,1337826,2005,11
2005-12-01,1445536,2005,12
2006-01-01,1340581,2006,1
2006-02-01,1195684,2006,2
2006-03-01,1357895,2006,3
2006-04-01,1356139,2006,4
2006-05-01,1354092,2006,5
2006-06-01,1398481,2006,6
2006-07-01,1437317,2006,7
2006-08-01,1413682,2006,8
2006-09-01,1307632,2006,9
2006-10-01,1425977,2006,10
2006-11-01,1482854,2006,11
2006-12-01,1619943,2006,12
2007-01-01,1368539,2007,1
2007-02-01,1301969,2007,2
2007-03-01,1478309,2007,3
2007-04-01,1419379,2007,4
2007-05-01,1446780,2007,5
2007-06-01,1467817,2007,6
2007-07-01,1496093,2007,7
2007-08-01,1498667,2007,8
2007-09-01,1385013,2007,9
2007-10-01,1485531,2007,10
2007-11-01,1564788,2007,11
2007-12-01,1668761,2007,12
2008-01-01,1465433,2008,1
2008-02-01,1416975,2008,2
2008-03-01,1565559,2008,3
2008-04-01,1460867,2008,4
2008-05-01,1534984,2008,5
2008-06-01,1513040,2008,6
2008-07-01,1530938,2008,7
2008-08-01,1522964,2008,8
2008-09-01,1373939,2008,9
2008-10-01,1525034,2008,10
2008-11-01,1515958,2008,11
2008-12-01,1677129,2008,12
2009-01-01,1471977,2009,1
2009-02-01,1228027,2009,2
2009-03-01,1420110,2009,3
2009-04-01,1414252,2009,4
2009-05-01,1368755,2009,5
2009-06-01,1473188,2009,6
2009-07-01,1522370,2009,7
2009-08-01,1534162,2009,8
2009-09-01,1485967,2009,9
2009-10-01,1619786,2009,10
2009-11-01,1678740,2009,11
2009-12-01,1845636,2009,12
2010-01-01,1598416,2010,1
2010-02-01,1523687,2010,2
2010-03-01,1691178,2010,3
2010-04-01,1584955,2010,4
2010-05-01,1688575,2010,5
2010-06-01,1736874,2010,6
2010-07-01,1767444,2010,7
2010-08-01,1685022,2010,8
2010-09-01,1650285,2010,9
2010-10-01,1746190,2010,10
2010-11-01,1804273,2010,11
2010-12-01,1960366,2010,12
2011-01-01,1833300,2011,1
2011-02-01,1641378,2011,2
2011-03-01,1809121,2011,3
2011-04-01,1812308,2011,4
2011-05-01,1868316,2011,5
2011-06-01,1927832,2011,6
2011-07-01,2004277,2011,7
2011-08-01,1882601,2011,8
2011-09-01,1849324,2011,9
2011-10-01,1887140,2011,10
2011-11-01,1942754,2011,11
2011-12-01,2192763,2011,12
2012-01-01,2036751,2012,1
2012-02-01,1835669,2012,2
2012-03-01,2091947,2012,3
2012-04-01,2043602,2012,4
2012-05-01,2014832,2012,5
2012-06-01,2107380,2012,6
2012-07-01,2090097,2012,7
2012-08-01,2079477,2012,8
2012-09-01,1933488,2012,9
2012-10-01,2084166,2012,10
2012-11-01,2168916,2012,11
2012-12-01,2367320,2012,12
2013-01-01,2051368,2013,1
2013-02-01,2020099,2013,2
2013-03-01,2252444,2013,3
2013-04-01,2060941,2013,4
2013-05-01,2124178,2013,5
2013-06-01,2282765,2013,6
2013-07-01,2189193,2013,7
2013-08-01,2297446,2013,8
2013-09-01,2086775,2013,9
2013-10-01,2183361,2013,10
2013-11-01,2242642,2013,11
2013-12-01,2483789,2013,12
2014-01-01,2256458,2014,1
2014-02-01,1988492,2014,2
2014-03-01,2219050,2014,3
2014-04-01,2155835,2014,4
2014-05-01,2169010,2014,5
2014-06-01,2283458,2014,6
2014-07-01,2221346,2014,7
2014-08-01,2291337,2014,8
2014-09-01,2094124,2014,9
2014-10-01,2219441,2014,10
2014-11-01,2233049,2014,11
2014-12-01,2488481,2014,12
2015-01-01,2112813,2015,1
2015-02-01,2056989,2015,2
2015-03-01,2245963,2015,3
2015-04-01,2151585,2015,4
2015-05-01,2250744,2015,5
2015-06-01,2278717,2015,6
2015-07-01,2381169,2015,7
2015-08-01,2447055,2015,8
2015-09-01,2192314,2015,9
2015-10-01,2278858,2015,10
2015-11-01,2343936,2015,11
2015-12-01,2604316,2015,12
2016-01-01,2319262,2016,1
2016-02-01,2293676,2016,2
2016-03-01,2422486,2016,3
2016-04-01,2366216,2016,4
2016-05-01,2377533,2016,5
2016-06-01,2371241,2016,6
2016-07-01,2521603,2016,7
2016-08-01,2438273,2016,8
2016-09-01,2279281,2016,9
2016-10-01,2368664,2016,10
2016-11-01,2409220,2016,11
2016-12-01,2786523,2016,12
2017-01-01,2556029,2017,1
2017-02-01,2281794,2017,2
2017-03-01,2525511,2017,3
2017-04-01,2549877,2017,4
2017-05-01,2489147,2017,5
2017-06-01,2550518,2017,6
2017-07-01,2620083,2017,7
2017-08-01,2631532,2017,8
2017-09-01,2389930,2017,9
2017-10-01,2546111,2017,10
2017-11-01,2606883,2017,11
2017-12-01,2866096,2017,12
2018-01-01,2525462,2018,1
2018-02-01,2461291,2018,2
2018-03-01,2760196,2018,3
2018-04-01,2640693,2018,4
2018-05-01,2644254,2018,5
2018-06-01,2700106,2018,6
2018-07-01,2764491,2018,7
2018-08-01,2817913,2018,8
2018-09-01,2550670,2018,9
2018-10-01,2652749,2018,10
2018-11-01,2717011,2018,11
2018-12-01,2980249,2018,12
2019-01-01,2726368,2019,1
2019-02-01,2522088,2019,2
2019-03-01,2787741,2019,3
2019-04-01,2700598,2019,4
2019-05-01,2691345,2019,5
2019-06-01,2834087,2019,6
2019-07-01,2853267,2019,7
2019-08-01,2911530,2019,8
2019-09-01,2682724,2019,9
2019-10-01,2801262,2019,10
2019-11-01,2855679,2019,11
2019-12-01,3132828,2019,12
2020-01-01,2893053,2020,1
2020-02-01,1718033,2020,2
