month,region_name,value
1986-01-01,South East Asia,168748.0
1986-01-01,North East Asia,63298.0
1986-01-01,South Asia,25303.0
1986-01-01,Middle East,7300.0
1986-01-01,Oceania,50977.0
1986-01-01,Europe,36800.0
1986-01-01,North America,6066.0
1986-02-01,South East Asia,173559.0
1986-02-01,North East Asia,67847.0
1986-02-01,South Asia,22858.0
1986-02-01,Middle East,5205.0
1986-02-01,Oceania,47101.0
1986-02-01,Europe,30527.0
1986-02-01,North America,4706.0
1986-03-01,South East Asia,174895.0
1986-03-01,North East Asia,70040.0
1986-03-01,South Asia,24508.0
1986-03-01,Middle East,5539.0
1986-03-01,Oceania,38826.0
1986-03-01,Europe,39760.0
1986-03-01,North America,5544.0
1986-04-01,South East Asia,161344.0
1986-04-01,North East Asia,69177.0
1986-04-01,South Asia,24142.0
1986-04-01,Middle East,6667.0
1986-04-01,Oceania,34334.0
1986-04-01,Europe,43317.0
1986-04-01,North America,6176.0
1986-05-01,South East Asia,161868.0
1986-05-01,North East Asia,67085.0
1986-05-01,South Asia,25125.0
1986-05-01,Middle East,5565.0
1986-05-01,Oceania,35357.0
1986-05-01,Europe,43760.0
1986-05-01,North America,7091.0
1986-06-01,South East Asia,190122.0
1986-06-01,North East Asia,72199.0
1986-06-01,South Asia,26698.0
1986-06-01,Middle East,5521.0
1986-06-01,Oceania,39149.0
1986-06-01,Europe,40504.0
1986-06-01,North America,8993.0
1986-07-01,South East Asia,183127.0
1986-07-01,North East Asia,64540.0
1986-07-01,South Asia,25260.0
1986-07-01,Middle East,7012.0
1986-07-01,Oceania,43210.0
1986-07-01,Europe,44187.0
1986-07-01,North America,6392.0
1986-08-01,South East Asia,181744.0
1986-08-01,North East Asia,88558.0
1986-08-01,South Asia,27618.0
1986-08-01,Middle East,8457.0
1986-08-01,Oceania,46018.0
1986-08-01,Europe,48724.0
1986-08-01,North America,8514.0
1986-09-01,South East Asia,161364.0
1986-09-01,North East Asia,79775.0
1986-09-01,South Asia,26258.0
1986-09-01,Middle East,4961.0
1986-09-01,Oceania,53478.0
1986-09-01,Europe,42049.0
1986-09-01,North America,6865.0
1986-10-01,South East Asia,169133.0
1986-10-01,North East Asia,71875.0
1986-10-01,South Asia,26960.0
1986-10-01,Middle East,4044.0
1986-10-01,Oceania,56030.0
1986-10-01,Europe,33531.0
1986-10-01,North America,5610.0
1986-11-01,South East Asia,182522.0
1986-11-01,North East Asia,72364.0
1986-11-01,South Asia,30080.0
1986-11-01,Middle East,4668.0
1986-11-01,Oceania,51123.0
1986-11-01,Europe,38544.0
1986-11-01,North America,6261.0
1986-12-01,South East Asia,217652.0
1986-12-01,North East Asia,68557.0
1986-12-01,South Asia,30667.0
1986-12-01,Middle East,4418.0
1986-12-01,Oceania,51193.0
1986-12-01,Europe,35204.0
1986-12-01,North America,7235.0
1987-01-01,South East Asia,185002.0
1987-01-01,North East Asia,72739.0
1987-01-01,South Asia,31656.0
1987-01-01,Middle East,6976.0
1987-01-01,Oceania,58024.0
1987-01-01,Europe,40174.0
1987-01-01,North America,7901.0
1987-02-01,South East Asia,167283.0
1987-02-01,North East Asia,73812.0
1987-02-01,South Asia,25634.0
1987-02-01,Middle East,4713.0
1987-02-01,Oceania,50737.0
1987-02-01,Europe,32333.0
1987-02-01,North America,5155.0
1987-03-01,South East Asia,178802.0
1987-03-01,North East Asia,83121.0
1987-03-01,South Asia,28980.0
1987-03-01,Middle East,4852.0
1987-03-01,Oceania,44414.0
1987-03-01,Europe,45551.0
1987-03-01,North America,7274.0
1987-04-01,South East Asia,178290.0
1987-04-01,North East Asia,78883.0
1987-04-01,South Asia,27160.0
1987-04-01,Middle East,5559.0
1987-04-01,Oceania,42770.0
1987-04-01,Europe,47060.0
1987-04-01,North America,6809.0
1987-05-01,South East Asia,181489.0
1987-05-01,North East Asia,87207.0
1987-05-01,South Asia,31854.0
1987-05-01,Middle East,4362.0
1987-05-01,Oceania,39666.0
1987-05-01,Europe,49011.0
1987-05-01,North America,8557.0
1987-06-01,South East Asia,211122.0
1987-06-01,North East Asia,82865.0
1987-06-01,South Asia,31002.0
1987-06-01,Middle East,6065.0
1987-06-01,Oceania,42507.0
1987-06-01,Europe,45088.0
1987-06-01,North America,8308.0
1987-07-01,South East Asia,210498.0
1987-07-01,North East Asia,82464.0
1987-07-01,South Asia,29026.0
1987-07-01,Middle East,7799.0
1987-07-01,Oceania,54450.0
1987-07-01,Europe,46585.0
1987-07-01,North America,8137.0
1987-08-01,South East Asia,213750.0
1987-08-01,North East Asia,101540.0
1987-08-01,South Asia,26100.0
1987-08-01,Middle East,6548.0
1987-08-01,Oceania,49064.0
1987-08-01,Europe,51182.0
1987-08-01,North America,10083.0
1987-09-01,South East Asia,177367.0
1987-09-01,North East Asia,88824.0
1987-09-01,South Asia,27787.0
1987-09-01,Middle East,6153.0
1987-09-01,Oceania,54254.0
1987-09-01,Europe,45974.0
1987-09-01,North America,8547.0
1987-10-01,South East Asia,188233.0
1987-10-01,North East Asia,86534.0
1987-10-01,South Asia,27964.0
1987-10-01,Middle East,4847.0
1987-10-01,Oceania,62359.0
1987-10-01,Europe,40873.0
1987-10-01,North America,7129.0
1987-11-01,South East Asia,205616.0
1987-11-01,North East Asia,85631.0
1987-11-01,South Asia,30585.0
1987-11-01,Middle East,4445.0
1987-11-01,Oceania,55080.0
1987-11-01,Europe,41903.0
1987-11-01,North America,7791.0
1987-12-01,South East Asia,249704.0
1987-12-01,North East Asia,76112.0
1987-12-01,South Asia,33089.0
1987-12-01,Middle East,4364.0
1987-12-01,Oceania,57270.0
1987-12-01,Europe,38248.0
1987-12-01,North America,9031.0
1988-01-01,South East Asia,191017.0
1988-01-01,North East Asia,77227.0
1988-01-01,South Asia,30856.0
1988-01-01,Middle East,6346.0
1988-01-01,Oceania,66065.0
1988-01-01,Europe,46888.0
1988-01-01,North America,9462.0
1988-02-01,South East Asia,203679.0
1988-02-01,North East Asia,81818.0
1988-02-01,South Asia,27912.0
1988-02-01,Middle East,5770.0
1988-02-01,Oceania,58861.0
1988-02-01,Europe,43648.0
1988-02-01,North America,7621.0
1988-03-01,South East Asia,208622.0
1988-03-01,North East Asia,97369.0
1988-03-01,South Asia,30160.0
1988-03-01,Middle East,5221.0
1988-03-01,Oceania,56331.0
1988-03-01,Europe,54851.0
1988-03-01,North America,8691.0
1988-04-01,South East Asia,199568.0
1988-04-01,North East Asia,92515.0
1988-04-01,South Asia,27762.0
1988-04-01,Middle East,5258.0
1988-04-01,Oceania,50663.0
1988-04-01,Europe,59088.0
1988-04-01,North America,8493.0
1988-05-01,South East Asia,205201.0
1988-05-01,North East Asia,94580.0
1988-05-01,South Asia,28898.0
1988-05-01,Middle East,5121.0
1988-05-01,Oceania,48215.0
1988-05-01,Europe,56327.0
1988-05-01,North America,9253.0
1988-06-01,South East Asia,220527.0
1988-06-01,North East Asia,92540.0
1988-06-01,South Asia,29342.0
1988-06-01,Middle East,5427.0
1988-06-01,Oceania,50190.0
1988-06-01,Europe,57712.0
1988-06-01,North America,10132.0
1988-07-01,South East Asia,230217.0
1988-07-01,North East Asia,91960.0
1988-07-01,South Asia,29489.0
1988-07-01,Middle East,8598.0
1988-07-01,Oceania,64515.0
1988-07-01,Europe,57461.0
1988-07-01,North America,10330.0
1988-08-01,South East Asia,231126.0
1988-08-01,North East Asia,107704.0
1988-08-01,South Asia,26713.0
1988-08-01,Middle East,7019.0
1988-08-01,Oceania,58092.0
1988-08-01,Europe,65949.0
1988-08-01,North America,11621.0
1988-09-01,South East Asia,204196.0
1988-09-01,North East Asia,103303.0
1988-09-01,South Asia,25303.0
1988-09-01,Middle East,6227.0
1988-09-01,Oceania,62314.0
1988-09-01,Europe,61277.0
1988-09-01,North America,10885.0
1988-10-01,South East Asia,215196.0
1988-10-01,North East Asia,98003.0
1988-10-01,South Asia,26655.0
1988-10-01,Middle East,4678.0
1988-10-01,Oceania,71399.0
1988-10-01,Europe,52075.0
1988-10-01,North America,8950.0
1988-11-01,South East Asia,245388.0
1988-11-01,North East Asia,100153.0
1988-11-01,South Asia,29505.0
1988-11-01,Middle East,4336.0
1988-11-01,Oceania,67984.0
1988-11-01,Europe,54987.0
1988-11-01,North America,9846.0
1988-12-01,South East Asia,280738.0
1988-12-01,North East Asia,92946.0
1988-12-01,South Asia,32496.0
1988-12-01,Middle East,4714.0
1988-12-01,Oceania,68678.0
1988-12-01,Europe,49605.0
1988-12-01,North America,10177.0
1989-01-01,South East Asia,224040.0
1989-01-01,North East Asia,95370.0
1989-01-01,South Asia,31556.0
1989-01-01,Middle East,6279.0
1989-01-01,Oceania,75320.0
1989-01-01,Europe,57857.0
1989-01-01,North America,11558.0
1989-02-01,South East Asia,230209.0
1989-02-01,North East Asia,97426.0
1989-02-01,South Asia,26141.0
1989-02-01,Middle East,5640.0
1989-02-01,Oceania,67255.0
1989-02-01,Europe,50179.0
1989-02-01,North America,8469.0
1989-03-01,South East Asia,245874.0
1989-03-01,North East Asia,112092.0
1989-03-01,South Asia,29881.0
1989-03-01,Middle East,5615.0
1989-03-01,Oceania,61731.0
1989-03-01,Europe,69315.0
1989-03-01,North America,10316.0
1989-04-01,South East Asia,221095.0
1989-04-01,North East Asia,105410.0
1989-04-01,South Asia,27663.0
1989-04-01,Middle East,5189.0
1989-04-01,Oceania,58838.0
1989-04-01,Europe,70814.0
1989-04-01,North America,11448.0
1989-05-01,South East Asia,241862.0
1989-05-01,North East Asia,105686.0
1989-05-01,South Asia,28992.0
1989-05-01,Middle East,5648.0
1989-05-01,Oceania,51258.0
1989-05-01,Europe,64931.0
1989-05-01,North America,12864.0
1989-06-01,South East Asia,243904.0
1989-06-01,North East Asia,106500.0
1989-06-01,South Asia,29789.0
1989-06-01,Middle East,7048.0
1989-06-01,Oceania,56999.0
1989-06-01,Europe,63072.0
1989-06-01,North America,13177.0
1989-07-01,South East Asia,264523.0
1989-07-01,North East Asia,107576.0
1989-07-01,South Asia,28226.0
1989-07-01,Middle East,7310.0
1989-07-01,Oceania,72526.0
1989-07-01,Europe,60235.0
1989-07-01,North America,11869.0
1989-08-01,South East Asia,248270.0
1989-08-01,North East Asia,134568.0
1989-08-01,South Asia,26249.0
1989-08-01,Middle East,6832.0
1989-08-01,Oceania,62506.0
1989-08-01,Europe,71081.0
1989-08-01,North America,13630.0
1989-09-01,South East Asia,235489.0
1989-09-01,North East Asia,127852.0
1989-09-01,South Asia,25852.0
1989-09-01,Middle East,6383.0
1989-09-01,Oceania,71008.0
1989-09-01,Europe,62283.0
1989-09-01,North America,11611.0
1989-10-01,South East Asia,248446.0
1989-10-01,North East Asia,117214.0
1989-10-01,South Asia,29943.0
1989-10-01,Middle East,4830.0
1989-10-01,Oceania,78256.0
1989-10-01,Europe,53838.0
1989-10-01,North America,9835.0
1989-11-01,South East Asia,277111.0
1989-11-01,North East Asia,117530.0
1989-11-01,South Asia,33305.0
1989-11-01,Middle East,4703.0
1989-11-01,Oceania,77288.0
1989-11-01,Europe,56715.0
1989-11-01,North America,10702.0
1989-12-01,South East Asia,299285.0
1989-12-01,North East Asia,116702.0
1989-12-01,South Asia,35184.0
1989-12-01,Middle East,4754.0
1989-12-01,Oceania,75823.0
1989-12-01,Europe,56090.0
1989-12-01,North America,11036.0
1990-01-01,South East Asia,270262.0
1990-01-01,North East Asia,121443.0
1990-01-01,South Asia,33947.0
1990-01-01,Middle East,6261.0
1990-01-01,Oceania,84096.0
1990-01-01,Europe,62007.0
1990-01-01,North America,12035.0
1990-02-01,South East Asia,240988.0
1990-02-01,North East Asia,125996.0
1990-02-01,South Asia,27355.0
1990-02-01,Middle East,5438.0
1990-02-01,Oceania,74573.0
1990-02-01,Europe,54461.0
1990-02-01,North America,9056.0
1990-03-01,South East Asia,271204.0
1990-03-01,North East Asia,138786.0
1990-03-01,South Asia,32191.0
1990-03-01,Middle East,6303.0
1990-03-01,Oceania,63640.0
1990-03-01,Europe,70603.0
1990-03-01,North America,11456.0
1990-04-01,South East Asia,254934.0
1990-04-01,North East Asia,125697.0
1990-04-01,South Asia,29129.0
1990-04-01,Middle East,5066.0
1990-04-01,Oceania,66549.0
1990-04-01,Europe,70528.0
1990-04-01,North America,12276.0
1990-05-01,South East Asia,272569.0
1990-05-01,North East Asia,128042.0
1990-05-01,South Asia,30900.0
1990-05-01,Middle East,6343.0
1990-05-01,Oceania,54050.0
1990-05-01,Europe,71724.0
1990-05-01,North America,13711.0
1990-06-01,South East Asia,275921.0
1990-06-01,North East Asia,133667.0
1990-06-01,South Asia,32562.0
1990-06-01,Middle East,7699.0
1990-06-01,Oceania,58436.0
1990-06-01,Europe,68075.0
1990-06-01,North America,14792.0
1990-07-01,South East Asia,278726.0
1990-07-01,North East Asia,126275.0
1990-07-01,South Asia,30575.0
1990-07-01,Middle East,5556.0
1990-07-01,Oceania,72289.0
1990-07-01,Europe,65678.0
1990-07-01,North America,11953.0
1990-08-01,South East Asia,282557.0
1990-08-01,North East Asia,158850.0
1990-08-01,South Asia,29028.0
1990-08-01,Middle East,4952.0
1990-08-01,Oceania,65750.0
1990-08-01,Europe,74367.0
1990-08-01,North America,14988.0
1990-09-01,South East Asia,249565.0
1990-09-01,North East Asia,139877.0
1990-09-01,South Asia,29582.0
1990-09-01,Middle East,3249.0
1990-09-01,Oceania,70891.0
1990-09-01,Europe,68721.0
1990-09-01,North America,12234.0
1990-10-01,South East Asia,267359.0
1990-10-01,North East Asia,136688.0
1990-10-01,South Asia,30150.0
1990-10-01,Middle East,2208.0
1990-10-01,Oceania,81819.0
1990-10-01,Europe,57283.0
1990-10-01,North America,10513.0
1990-11-01,South East Asia,301184.0
1990-11-01,North East Asia,135189.0
1990-11-01,South Asia,32982.0
1990-11-01,Middle East,2333.0
1990-11-01,Oceania,73840.0
1990-11-01,Europe,59211.0
1990-11-01,North America,12721.0
1990-12-01,South East Asia,336301.0
1990-12-01,North East Asia,132278.0
1990-12-01,South Asia,39264.0
1990-12-01,Middle East,3255.0
1990-12-01,Oceania,77520.0
1990-12-01,Europe,57090.0
1990-12-01,North America,14268.0
1991-01-01,South East Asia,254115.0
1991-01-01,North East Asia,127746.0
1991-01-01,South Asia,31400.0
1991-01-01,Middle East,1880.0
1991-01-01,Oceania,81180.0
1991-01-01,Europe,61003.0
1991-01-01,North America,14309.0
1991-02-01,South East Asia,245062.0
1991-02-01,North East Asia,106270.0
1991-02-01,South Asia,26312.0
1991-02-01,Middle East,3799.0
1991-02-01,Oceania,67048.0
1991-02-01,Europe,45588.0
1991-02-01,North America,9683.0
1991-03-01,South East Asia,265123.0
1991-03-01,North East Asia,114473.0
1991-03-01,South Asia,30503.0
1991-03-01,Middle East,4356.0
1991-03-01,Oceania,60537.0
1991-03-01,Europe,63504.0
1991-03-01,North America,13519.0
1991-04-01,South East Asia,270791.0
1991-04-01,North East Asia,131205.0
1991-04-01,South Asia,27051.0
1991-04-01,Middle East,4716.0
1991-04-01,Oceania,57063.0
1991-04-01,Europe,65626.0
1991-04-01,North America,12735.0
1991-05-01,South East Asia,269872.0
1991-05-01,North East Asia,133268.0
1991-05-01,South Asia,30497.0
1991-05-01,Middle East,5753.0
1991-05-01,Oceania,49516.0
1991-05-01,Europe,65354.0
1991-05-01,North America,12519.0
1991-06-01,South East Asia,327010.0
1991-06-01,North East Asia,156589.0
1991-06-01,South Asia,31404.0
1991-06-01,Middle East,8796.0
1991-06-01,Oceania,61440.0
1991-06-01,Europe,66496.0
1991-06-01,North America,14832.0
1991-07-01,South East Asia,310754.0
1991-07-01,North East Asia,141917.0
1991-07-01,South Asia,30839.0
1991-07-01,Middle East,6944.0
1991-07-01,Oceania,66517.0
1991-07-01,Europe,62459.0
1991-07-01,North America,13004.0
1991-08-01,South East Asia,312462.0
1991-08-01,North East Asia,182895.0
1991-08-01,South Asia,29200.0
1991-08-01,Middle East,9230.0
1991-08-01,Oceania,59207.0
1991-08-01,Europe,75926.0
1991-08-01,North America,15436.0
1991-09-01,South East Asia,286935.0
1991-09-01,North East Asia,162930.0
1991-09-01,South Asia,28028.0
1991-09-01,Middle East,9452.0
1991-09-01,Oceania,68112.0
1991-09-01,Europe,67731.0
1991-09-01,North America,12928.0
1991-10-01,South East Asia,290327.0
1991-10-01,North East Asia,155301.0
1991-10-01,South Asia,30838.0
1991-10-01,Middle East,7522.0
1991-10-01,Oceania,79582.0
1991-10-01,Europe,60380.0
1991-10-01,North America,9871.0
1991-11-01,South East Asia,336635.0
1991-11-01,North East Asia,156750.0
1991-11-01,South Asia,34821.0
1991-11-01,Middle East,6821.0
1991-11-01,Oceania,76883.0
1991-11-01,Europe,64373.0
1991-11-01,North America,10680.0
1991-12-01,South East Asia,365517.0
1991-12-01,North East Asia,160142.0
1991-12-01,South Asia,39027.0
1991-12-01,Middle East,6664.0
1991-12-01,Oceania,81967.0
1991-12-01,Europe,56611.0
1991-12-01,North America,12966.0
1992-01-01,South East Asia,298106.0
1992-01-01,North East Asia,156117.0
1992-01-01,South Asia,34343.0
1992-01-01,Middle East,7418.0
1992-01-01,Oceania,78904.0
1992-01-01,Europe,65793.0
1992-01-01,North America,15474.0
1992-02-01,South East Asia,311446.0
1992-02-01,North East Asia,176123.0
1992-02-01,South Asia,30546.0
1992-02-01,Middle East,7498.0
1992-02-01,Oceania,78848.0
1992-02-01,Europe,56290.0
1992-02-01,North America,11863.0
1992-03-01,South East Asia,296828.0
1992-03-01,North East Asia,175020.0
1992-03-01,South Asia,32106.0
1992-03-01,Middle East,6913.0
1992-03-01,Oceania,62005.0
1992-03-01,Europe,71758.0
1992-03-01,North America,13101.0
1992-04-01,South East Asia,317728.0
1992-04-01,North East Asia,161362.0
1992-04-01,South Asia,29876.0
1992-04-01,Middle East,7249.0
1992-04-01,Oceania,60801.0
1992-04-01,Europe,72684.0
1992-04-01,North America,14967.0
1992-05-01,South East Asia,290183.0
1992-05-01,North East Asia,152527.0
1992-05-01,South Asia,33160.0
1992-05-01,Middle East,11147.0
1992-05-01,Oceania,53120.0
1992-05-01,Europe,75047.0
1992-05-01,North America,16853.0
1992-06-01,South East Asia,330670.0
1992-06-01,North East Asia,178852.0
1992-06-01,South Asia,36666.0
1992-06-01,Middle East,7471.0
1992-06-01,Oceania,60016.0
1992-06-01,Europe,71811.0
1992-06-01,North America,18099.0
1992-07-01,South East Asia,341506.0
1992-07-01,North East Asia,167705.0
1992-07-01,South Asia,37435.0
1992-07-01,Middle East,6847.0
1992-07-01,Oceania,73921.0
1992-07-01,Europe,73406.0
1992-07-01,North America,17248.0
1992-08-01,South East Asia,335711.0
1992-08-01,North East Asia,203806.0
1992-08-01,South Asia,35742.0
1992-08-01,Middle East,9541.0
1992-08-01,Oceania,64243.0
1992-08-01,Europe,78348.0
1992-08-01,North America,21315.0
1992-09-01,South East Asia,303373.0
1992-09-01,North East Asia,184918.0
1992-09-01,South Asia,32677.0
1992-09-01,Middle East,9558.0
1992-09-01,Oceania,73370.0
1992-09-01,Europe,74173.0
1992-09-01,North America,16560.0
1992-10-01,South East Asia,311501.0
1992-10-01,North East Asia,156852.0
1992-10-01,South Asia,36837.0
1992-10-01,Middle East,8492.0
1992-10-01,Oceania,87853.0
1992-10-01,Europe,65421.0
1992-10-01,North America,13687.0
1992-11-01,South East Asia,352648.0
1992-11-01,North East Asia,168252.0
1992-11-01,South Asia,39694.0
1992-11-01,Middle East,8622.0
1992-11-01,Oceania,89521.0
1992-11-01,Europe,64590.0
1992-11-01,North America,15076.0
1992-12-01,South East Asia,390506.0
1992-12-01,North East Asia,178747.0
1992-12-01,South Asia,41114.0
1992-12-01,Middle East,7745.0
1992-12-01,Oceania,94222.0
1992-12-01,Europe,63881.0
1992-12-01,North America,17179.0
1993-01-01,South East Asia,364911.0
1993-01-01,North East Asia,175918.0
1993-01-01,South Asia,35412.0
1993-01-01,Middle East,8266.0
1993-01-01,Oceania,94634.0
1993-01-01,Europe,71131.0
1993-01-01,North America,19883.0
1993-02-01,South East Asia,293052.0
1993-02-01,North East Asia,176103.0
1993-02-01,South Asia,31403.0
1993-02-01,Middle East,7260.0
1993-02-01,Oceania,79624.0
1993-02-01,Europe,59158.0
1993-02-01,North America,16195.0
1993-03-01,South East Asia,346936.0
1993-03-01,North East Asia,193694.0
1993-03-01,South Asia,33211.0
1993-03-01,Middle East,6892.0
1993-03-01,Oceania,77452.0
1993-03-01,Europe,75587.0
1993-03-01,North America,17868.0
1993-04-01,South East Asia,341796.0
1993-04-01,North East Asia,170736.0
1993-04-01,South Asia,35307.0
1993-04-01,Middle East,9800.0
1993-04-01,Oceania,68296.0
1993-04-01,Europe,86339.0
1993-04-01,North America,17789.0
1993-05-01,South East Asia,340378.0
1993-05-01,North East Asia,179221.0
1993-05-01,South Asia,35441.0
1993-05-01,Middle East,10528.0
1993-05-01,Oceania,65348.0
1993-05-01,Europe,83484.0
1993-05-01,North America,19892.0
1993-06-01,South East Asia,371940.0
1993-06-01,North East Asia,193239.0
1993-06-01,South Asia,37967.0
1993-06-01,Middle East,7143.0
1993-06-01,Oceania,71385.0
1993-06-01,Europe,76112.0
1993-06-01,North America,22536.0
1993-07-01,South East Asia,374087.0
1993-07-01,North East Asia,188267.0
1993-07-01,South Asia,39015.0
1993-07-01,Middle East,7209.0
1993-07-01,Oceania,83626.0
1993-07-01,Europe,79419.0
1993-07-01,North America,18773.0
1993-08-01,South East Asia,380252.0
1993-08-01,North East Asia,234374.0
1993-08-01,South Asia,37383.0
1993-08-01,Middle East,11695.0
1993-08-01,Oceania,70095.0
1993-08-01,Europe,90906.0
1993-08-01,North America,24039.0
1993-09-01,South East Asia,328608.0
1993-09-01,North East Asia,190003.0
1993-09-01,South Asia,36383.0
1993-09-01,Middle East,10704.0
1993-09-01,Oceania,82063.0
1993-09-01,Europe,84598.0
1993-09-01,North America,18404.0
1993-10-01,South East Asia,343336.0
1993-10-01,North East Asia,183970.0
1993-10-01,South Asia,39540.0
1993-10-01,Middle East,8571.0
1993-10-01,Oceania,98838.0
1993-10-01,Europe,75169.0
1993-10-01,North America,15663.0
1993-11-01,South East Asia,384422.0
1993-11-01,North East Asia,183528.0
1993-11-01,South Asia,46151.0
1993-11-01,Middle East,9452.0
1993-11-01,Oceania,95471.0
1993-11-01,Europe,75145.0
1993-11-01,North America,17327.0
1993-12-01,South East Asia,433746.0
1993-12-01,North East Asia,196907.0
1993-12-01,South Asia,51288.0
1993-12-01,Middle East,8592.0
1993-12-01,Oceania,102912.0
1993-12-01,Europe,68360.0
1993-12-01,North America,22560.0
1994-01-01,South East Asia,347627.0
1994-01-01,North East Asia,175595.0
1994-01-01,South Asia,40640.0
1994-01-01,Middle East,10271.0
1994-01-01,Oceania,96492.0
1994-01-01,Europe,75849.0
1994-01-01,North America,23860.0
1994-02-01,South East Asia,351658.0
1994-02-01,North East Asia,198009.0
1994-02-01,South Asia,37582.0
1994-02-01,Middle East,8969.0
1994-02-01,Oceania,95571.0
1994-02-01,Europe,65221.0
1994-02-01,North America,16860.0
1994-03-01,South East Asia,389645.0
1994-03-01,North East Asia,219543.0
1994-03-01,South Asia,39471.0
1994-03-01,Middle East,9381.0
1994-03-01,Oceania,87644.0
1994-03-01,Europe,87770.0
1994-03-01,North America,20801.0
1994-04-01,South East Asia,348542.0
1994-04-01,North East Asia,195182.0
1994-04-01,South Asia,38661.0
1994-04-01,Middle East,11026.0
1994-04-01,Oceania,75758.0
1994-04-01,Europe,93413.0
1994-04-01,North America,20127.0
1994-05-01,South East Asia,350354.0
1994-05-01,North East Asia,192523.0
1994-05-01,South Asia,38792.0
1994-05-01,Middle East,11746.0
1994-05-01,Oceania,68946.0
1994-05-01,Europe,83145.0
1994-05-01,North America,21236.0
1994-06-01,South East Asia,376900.0
1994-06-01,North East Asia,201980.0
1994-06-01,South Asia,38974.0
1994-06-01,Middle East,7158.0
1994-06-01,Oceania,80197.0
1994-06-01,Europe,84244.0
1994-06-01,North America,24184.0
1994-07-01,South East Asia,415709.0
1994-07-01,North East Asia,203922.0
1994-07-01,South Asia,41593.0
1994-07-01,Middle East,7873.0
1994-07-01,Oceania,94935.0
1994-07-01,Europe,89492.0
1994-07-01,North America,21078.0
1994-08-01,South East Asia,390470.0
1994-08-01,North East Asia,259602.0
1994-08-01,South Asia,39735.0
1994-08-01,Middle East,11596.0
1994-08-01,Oceania,76700.0
1994-08-01,Europe,100089.0
1994-08-01,North America,26816.0
1994-09-01,South East Asia,344717.0
1994-09-01,North East Asia,222639.0
1994-09-01,South Asia,39699.0
1994-09-01,Middle East,9790.0
1994-09-01,Oceania,90275.0
1994-09-01,Europe,94555.0
1994-09-01,North America,19765.0
1994-10-01,South East Asia,361327.0
1994-10-01,North East Asia,203940.0
1994-10-01,South Asia,39964.0
1994-10-01,Middle East,8241.0
1994-10-01,Oceania,106895.0
1994-10-01,Europe,83318.0
1994-10-01,North America,16065.0
1994-11-01,South East Asia,398431.0
1994-11-01,North East Asia,207840.0
1994-11-01,South Asia,44893.0
1994-11-01,Middle East,9027.0
1994-11-01,Oceania,102909.0
1994-11-01,Europe,79616.0
1994-11-01,North America,17141.0
1994-12-01,South East Asia,446608.0
1994-12-01,North East Asia,214034.0
1994-12-01,South Asia,50572.0
1994-12-01,Middle East,9818.0
1994-12-01,Oceania,105509.0
1994-12-01,Europe,75371.0
1994-12-01,North America,22621.0
1995-01-01,South East Asia,405736.0
1995-01-01,North East Asia,208238.0
1995-01-01,South Asia,46467.0
1995-01-01,Middle East,10230.0
1995-01-01,Oceania,106429.0
1995-01-01,Europe,81576.0
1995-01-01,North America,23217.0
1995-02-01,South East Asia,332020.0
1995-02-01,North East Asia,224551.0
1995-02-01,South Asia,39517.0
1995-02-01,Middle East,7205.0
1995-02-01,Oceania,98297.0
1995-02-01,Europe,62871.0
1995-02-01,North America,17425.0
1995-03-01,South East Asia,409347.0
1995-03-01,North East Asia,228459.0
1995-03-01,South Asia,41564.0
1995-03-01,Middle East,8729.0
1995-03-01,Oceania,83782.0
1995-03-01,Europe,86278.0
1995-03-01,North America,19835.0
1995-04-01,South East Asia,364810.0
1995-04-01,North East Asia,207951.0
1995-04-01,South Asia,42507.0
1995-04-01,Middle East,10454.0
1995-04-01,Oceania,78480.0
1995-04-01,Europe,92869.0
1995-04-01,North America,17631.0
1995-05-01,South East Asia,382336.0
1995-05-01,North East Asia,212948.0
1995-05-01,South Asia,44323.0
1995-05-01,Middle East,9890.0
1995-05-01,Oceania,76830.0
1995-05-01,Europe,90669.0
1995-05-01,North America,21321.0
1995-06-01,South East Asia,400453.0
1995-06-01,North East Asia,223605.0
1995-06-01,South Asia,43997.0
1995-06-01,Middle East,6876.0
1995-06-01,Oceania,83647.0
1995-06-01,Europe,88806.0
1995-06-01,North America,22297.0
1995-07-01,South East Asia,424298.0
1995-07-01,North East Asia,239647.0
1995-07-01,South Asia,46272.0
1995-07-01,Middle East,8016.0
1995-07-01,Oceania,97996.0
1995-07-01,Europe,92633.0
1995-07-01,North America,21793.0
1995-08-01,South East Asia,405927.0
1995-08-01,North East Asia,296061.0
1995-08-01,South Asia,45067.0
1995-08-01,Middle East,12508.0
1995-08-01,Oceania,87597.0
1995-08-01,Europe,100935.0
1995-08-01,North America,25255.0
1995-09-01,South East Asia,378834.0
1995-09-01,North East Asia,237393.0
1995-09-01,South Asia,45709.0
1995-09-01,Middle East,10454.0
1995-09-01,Oceania,95930.0
1995-09-01,Europe,98708.0
1995-09-01,North America,20616.0
1995-10-01,South East Asia,402224.0
1995-10-01,North East Asia,223259.0
1995-10-01,South Asia,46710.0
1995-10-01,Middle East,7414.0
1995-10-01,Oceania,109038.0
1995-10-01,Europe,86168.0
1995-10-01,North America,18603.0
1995-11-01,South East Asia,435494.0
1995-11-01,North East Asia,239464.0
1995-11-01,South Asia,53507.0
1995-11-01,Middle East,10991.0
1995-11-01,Oceania,104832.0
1995-11-01,Europe,85282.0
1995-11-01,North America,22002.0
1995-12-01,South East Asia,483232.0
1995-12-01,North East Asia,237252.0
1995-12-01,South Asia,56865.0
1995-12-01,Middle East,10446.0
1995-12-01,Oceania,112495.0
1995-12-01,Europe,80898.0
1995-12-01,North America,26133.0
1996-01-01,South East Asia,376828.0
1996-01-01,North East Asia,222586.0
1996-01-01,South Asia,48711.0
1996-01-01,Middle East,9234.0
1996-01-01,Oceania,101230.0
1996-01-01,Europe,84904.0
1996-01-01,North America,26993.0
1996-02-01,South East Asia,404262.0
1996-02-01,North East Asia,242302.0
1996-02-01,South Asia,45642.0
1996-02-01,Middle East,7877.0
1996-02-01,Oceania,106339.0
1996-02-01,Europe,76292.0
1996-02-01,North America,21717.0
1996-03-01,South East Asia,428890.0
1996-03-01,North East Asia,251432.0
1996-03-01,South Asia,45258.0
1996-03-01,Middle East,8460.0
1996-03-01,Oceania,88312.0
1996-03-01,Europe,95895.0
1996-03-01,North America,27567.0
1996-04-01,South East Asia,411242.0
1996-04-01,North East Asia,234700.0
1996-04-01,South Asia,45789.0
1996-04-01,Middle East,13842.0
1996-04-01,Oceania,87301.0
1996-04-01,Europe,106666.0
1996-04-01,North America,24675.0
1996-05-01,South East Asia,409472.0
1996-05-01,North East Asia,235872.0
1996-05-01,South Asia,46018.0
1996-05-01,Middle East,8220.0
1996-05-01,Oceania,76901.0
1996-05-01,Europe,104370.0
1996-05-01,North America,26995.0
1996-06-01,South East Asia,436093.0
1996-06-01,North East Asia,247637.0
1996-06-01,South Asia,50035.0
1996-06-01,Middle East,7397.0
1996-06-01,Oceania,87724.0
1996-06-01,Europe,99924.0
1996-06-01,North America,29089.0
1996-07-01,South East Asia,441349.0
1996-07-01,North East Asia,238444.0
1996-07-01,South Asia,49739.0
1996-07-01,Middle East,7779.0
1996-07-01,Oceania,101119.0
1996-07-01,Europe,98702.0
1996-07-01,North America,26633.0
1996-08-01,South East Asia,421665.0
1996-08-01,North East Asia,294585.0
1996-08-01,South Asia,49420.0
1996-08-01,Middle East,13657.0
1996-08-01,Oceania,87165.0
1996-08-01,Europe,106503.0
1996-08-01,North America,28879.0
1996-09-01,South East Asia,379986.0
1996-09-01,North East Asia,233792.0
1996-09-01,South Asia,45528.0
1996-09-01,Middle East,10417.0
1996-09-01,Oceania,90114.0
1996-09-01,Europe,103574.0
1996-09-01,North America,23054.0
1996-10-01,South East Asia,416759.0
1996-10-01,North East Asia,235889.0
1996-10-01,South Asia,51466.0
1996-10-01,Middle East,7282.0
1996-10-01,Oceania,114319.0
1996-10-01,Europe,92495.0
1996-10-01,North America,20042.0
1996-11-01,South East Asia,465079.0
1996-11-01,North East Asia,258732.0
1996-11-01,South Asia,60894.0
1996-11-01,Middle East,10664.0
1996-11-01,Oceania,108398.0
1996-11-01,Europe,92302.0
1996-11-01,North America,25055.0
1996-12-01,South East Asia,521562.0
1996-12-01,North East Asia,264117.0
1996-12-01,South Asia,63278.0
1996-12-01,Middle East,12928.0
1996-12-01,Oceania,115163.0
1996-12-01,Europe,89722.0
1996-12-01,North America,27516.0
1997-01-01,South East Asia,411269.0
1997-01-01,North East Asia,235841.0
1997-01-01,South Asia,53878.0
1997-01-01,Middle East,9627.0
1997-01-01,Oceania,108534.0
1997-01-01,Europe,94816.0
1997-01-01,North America,29356.0
1997-02-01,South East Asia,439692.0
1997-02-01,North East Asia,257377.0
1997-02-01,South Asia,49698.0
1997-02-01,Middle East,6971.0
1997-02-01,Oceania,108829.0
1997-02-01,Europe,84090.0
1997-02-01,North America,24666.0
1997-03-01,South East Asia,458461.0
1997-03-01,North East Asia,272192.0
1997-03-01,South Asia,54843.0
1997-03-01,Middle East,8372.0
1997-03-01,Oceania,93887.0
1997-03-01,Europe,110039.0
1997-03-01,North America,26786.0
1997-04-01,South East Asia,415551.0
1997-04-01,North East Asia,245821.0
1997-04-01,South Asia,50145.0
1997-04-01,Middle East,13771.0
1997-04-01,Oceania,83653.0
1997-04-01,Europe,114803.0
1997-04-01,North America,24886.0
1997-05-01,South East Asia,408616.0
1997-05-01,North East Asia,240038.0
1997-05-01,South Asia,56016.0
1997-05-01,Middle East,7818.0
1997-05-01,Oceania,81696.0
1997-05-01,Europe,114267.0
1997-05-01,North America,28169.0
1997-06-01,South East Asia,466583.0
1997-06-01,North East Asia,256782.0
1997-06-01,South Asia,58639.0
1997-06-01,Middle East,8681.0
1997-06-01,Oceania,96569.0
1997-06-01,Europe,115913.0
1997-06-01,North America,32496.0
1997-07-01,South East Asia,467953.0
1997-07-01,North East Asia,239257.0
1997-07-01,South Asia,57069.0
1997-07-01,Middle East,8524.0
1997-07-01,Oceania,109846.0
1997-07-01,Europe,108608.0
1997-07-01,North America,28004.0
1997-08-01,South East Asia,416961.0
1997-08-01,North East Asia,279394.0
1997-08-01,South Asia,58327.0
1997-08-01,Middle East,11588.0
1997-08-01,Oceania,92812.0
1997-08-01,Europe,121725.0
1997-08-01,North America,30573.0
1997-09-01,South East Asia,399922.0
1997-09-01,North East Asia,249046.0
1997-09-01,South Asia,56131.0
1997-09-01,Middle East,10950.0
1997-09-01,Oceania,104359.0
1997-09-01,Europe,115152.0
1997-09-01,North America,26026.0
1997-10-01,South East Asia,372318.0
1997-10-01,North East Asia,212463.0
1997-10-01,South Asia,61826.0
1997-10-01,Middle East,8869.0
1997-10-01,Oceania,124532.0
1997-10-01,Europe,95772.0
1997-10-01,North America,22253.0
1997-11-01,South East Asia,410479.0
1997-11-01,North East Asia,232410.0
1997-11-01,South Asia,69220.0
1997-11-01,Middle East,11178.0
1997-11-01,Oceania,112738.0
1997-11-01,Europe,92539.0
1997-11-01,North America,26151.0
1997-12-01,South East Asia,485157.0
1997-12-01,North East Asia,241806.0
1997-12-01,South Asia,70724.0
1997-12-01,Middle East,13443.0
1997-12-01,Oceania,122485.0
1997-12-01,Europe,91349.0
1997-12-01,North America,27513.0
1998-01-01,South East Asia,374759.0
1998-01-01,North East Asia,226370.0
1998-01-01,South Asia,65839.0
1998-01-01,Middle East,10106.0
1998-01-01,Oceania,119059.0
1998-01-01,Europe,102308.0
1998-01-01,North America,29284.0
1998-02-01,South East Asia,313231.0
1998-02-01,North East Asia,204718.0
1998-02-01,South Asia,51782.0
1998-02-01,Middle East,7528.0
1998-02-01,Oceania,110615.0
1998-02-01,Europe,82177.0
1998-02-01,North America,22993.0
1998-03-01,South East Asia,358161.0
1998-03-01,North East Asia,222199.0
1998-03-01,South Asia,58452.0
1998-03-01,Middle East,13316.0
1998-03-01,Oceania,99456.0
1998-03-01,Europe,113636.0
1998-03-01,North America,25145.0
1998-04-01,South East Asia,365262.0
1998-04-01,North East Asia,217801.0
1998-04-01,South Asia,57145.0
1998-04-01,Middle East,11265.0
1998-04-01,Oceania,102775.0
1998-04-01,Europe,119767.0
1998-04-01,North America,23858.0
1998-05-01,South East Asia,377516.0
1998-05-01,North East Asia,223582.0
1998-05-01,South Asia,59611.0
1998-05-01,Middle East,8296.0
1998-05-01,Oceania,89373.0
1998-05-01,Europe,120160.0
1998-05-01,North America,30026.0
1998-06-01,South East Asia,390775.0
1998-06-01,North East Asia,238137.0
1998-06-01,South Asia,60492.0
1998-06-01,Middle East,11664.0
1998-06-01,Oceania,104775.0
1998-06-01,Europe,108461.0
1998-06-01,North America,28030.0
1998-07-01,South East Asia,359830.0
1998-07-01,North East Asia,225656.0
1998-07-01,South Asia,62207.0
1998-07-01,Middle East,10458.0
1998-07-01,Oceania,123179.0
1998-07-01,Europe,109184.0
1998-07-01,North America,25287.0
1998-08-01,South East Asia,361274.0
1998-08-01,North East Asia,274494.0
1998-08-01,South Asia,63855.0
1998-08-01,Middle East,15616.0
1998-08-01,Oceania,103966.0
1998-08-01,Europe,128502.0
1998-08-01,North America,27498.0
1998-09-01,South East Asia,333762.0
1998-09-01,North East Asia,220886.0
1998-09-01,South Asia,60330.0
1998-09-01,Middle East,13646.0
1998-09-01,Oceania,115455.0
1998-09-01,Europe,119162.0
1998-09-01,North America,22850.0
1998-10-01,South East Asia,361765.0
1998-10-01,North East Asia,223417.0
1998-10-01,South Asia,69892.0
1998-10-01,Middle East,11166.0
1998-10-01,Oceania,139763.0
1998-10-01,Europe,105487.0
1998-10-01,North America,21461.0
1998-11-01,South East Asia,369728.0
1998-11-01,North East Asia,247334.0
1998-11-01,South Asia,76383.0
1998-11-01,Middle East,13051.0
1998-11-01,Oceania,127829.0
1998-11-01,Europe,107789.0
1998-11-01,North America,23873.0
1998-12-01,South East Asia,431289.0
1998-12-01,North East Asia,267502.0
1998-12-01,South Asia,78548.0
1998-12-01,Middle East,15816.0
1998-12-01,Oceania,139540.0
1998-12-01,Europe,104665.0
1998-12-01,North America,27940.0
1999-01-01,South East Asia,366806.0
1999-01-01,North East Asia,214569.0
1999-01-01,South Asia,65627.0
1999-01-01,Middle East,11788.0
1999-01-01,Oceania,137564.0
1999-01-01,Europe,117357.0
1999-01-01,North America,31352.0
1999-02-01,South East Asia,355671.0
1999-02-01,North East Asia,240718.0
1999-02-01,South Asia,60166.0
1999-02-01,Middle East,9056.0
1999-02-01,Oceania,132328.0
1999-02-01,Europe,99533.0
1999-02-01,North America,22905.0
1999-03-01,South East Asia,393178.0
1999-03-01,North East Asia,249820.0
1999-03-01,South Asia,64307.0
1999-03-01,Middle East,14834.0
1999-03-01,Oceania,124419.0
1999-03-01,Europe,133148.0
1999-03-01,North America,28837.0
1999-04-01,South East Asia,357233.0
1999-04-01,North East Asia,223731.0
1999-04-01,South Asia,60660.0
1999-04-01,Middle East,10572.0
1999-04-01,Oceania,110782.0
1999-04-01,Europe,134333.0
1999-04-01,North America,25787.0
1999-05-01,South East Asia,363993.0
1999-05-01,North East Asia,245638.0
1999-05-01,South Asia,65686.0
1999-05-01,Middle East,9739.0
1999-05-01,Oceania,103730.0
1999-05-01,Europe,126865.0
1999-05-01,North America,30922.0
1999-06-01,South East Asia,432244.0
1999-06-01,North East Asia,257035.0
1999-06-01,South Asia,68980.0
1999-06-01,Middle East,14040.0
1999-06-01,Oceania,117306.0
1999-06-01,Europe,119854.0
1999-06-01,North America,29322.0
1999-07-01,South East Asia,407420.0
1999-07-01,North East Asia,244684.0
1999-07-01,South Asia,67591.0
1999-07-01,Middle East,12632.0
1999-07-01,Oceania,143943.0
1999-07-01,Europe,119688.0
1999-07-01,North America,27716.0
1999-08-01,South East Asia,395721.0
1999-08-01,North East Asia,288965.0
1999-08-01,South Asia,68371.0
1999-08-01,Middle East,17826.0
1999-08-01,Oceania,117564.0
1999-08-01,Europe,135009.0
1999-08-01,North America,30436.0
1999-09-01,South East Asia,377347.0
1999-09-01,North East Asia,251233.0
1999-09-01,South Asia,65202.0
1999-09-01,Middle East,13661.0
1999-09-01,Oceania,131292.0
1999-09-01,Europe,132390.0
1999-09-01,North America,24910.0
1999-10-01,South East Asia,393892.0
1999-10-01,North East Asia,243953.0
1999-10-01,South Asia,75889.0
1999-10-01,Middle East,11645.0
1999-10-01,Oceania,156961.0
1999-10-01,Europe,120149.0
1999-10-01,North America,23465.0
1999-11-01,South East Asia,434361.0
1999-11-01,North East Asia,271120.0
1999-11-01,South Asia,83226.0
1999-11-01,Middle East,13526.0
1999-11-01,Oceania,157756.0
1999-11-01,Europe,117124.0
1999-11-01,North America,26747.0
1999-12-01,South East Asia,438337.0
1999-12-01,North East Asia,271845.0
1999-12-01,South Asia,80964.0
1999-12-01,Middle East,11920.0
1999-12-01,Oceania,139152.0
1999-12-01,Europe,106426.0
1999-12-01,North America,29141.0
2000-01-01,South East Asia,410632.0
2000-01-01,North East Asia,228580.0
2000-01-01,South Asia,74515.0
2000-01-01,Middle East,11247.0
2000-01-01,Oceania,139244.0
2000-01-01,Europe,118255.0
2000-01-01,North America,29012.0
2000-02-01,South East Asia,390682.0
2000-02-01,North East Asia,268347.0
2000-02-01,South Asia,70400.0
2000-02-01,Middle East,10146.0
2000-02-01,Oceania,148098.0
2000-02-01,Europe,110326.0
2000-02-01,North America,26683.0
2000-03-01,South East Asia,431334.0
2000-03-01,North East Asia,277632.0
2000-03-01,South Asia,72254.0
2000-03-01,Middle East,15344.0
2000-03-01,Oceania,125845.0
2000-03-01,Europe,138999.0
2000-03-01,North America,33447.0
2000-04-01,South East Asia,428371.0
2000-04-01,North East Asia,276603.0
2000-04-01,South Asia,74133.0
2000-04-01,Middle East,10928.0
2000-04-01,Oceania,138205.0
2000-04-01,Europe,137798.0
2000-04-01,North America,31404.0
2000-05-01,South East Asia,415129.0
2000-05-01,North East Asia,276764.0
2000-05-01,South Asia,75213.0
2000-05-01,Middle East,11345.0
2000-05-01,Oceania,114087.0
2000-05-01,Europe,139783.0
2000-05-01,North America,33509.0
2000-06-01,South East Asia,444776.0
2000-06-01,North East Asia,273292.0
2000-06-01,South Asia,79979.0
2000-06-01,Middle East,14692.0
2000-06-01,Oceania,126626.0
2000-06-01,Europe,132654.0
2000-06-01,North America,33240.0
2000-07-01,South East Asia,439180.0
2000-07-01,North East Asia,273824.0
2000-07-01,South Asia,76434.0
2000-07-01,Middle East,12406.0
2000-07-01,Oceania,164431.0
2000-07-01,Europe,139439.0
2000-07-01,North America,32339.0
2000-08-01,South East Asia,408229.0
2000-08-01,North East Asia,329249.0
2000-08-01,South Asia,74146.0
2000-08-01,Middle East,19363.0
2000-08-01,Oceania,136319.0
2000-08-01,Europe,148893.0
2000-08-01,North America,32601.0
2000-09-01,South East Asia,409103.0
2000-09-01,North East Asia,283759.0
2000-09-01,South Asia,75674.0
2000-09-01,Middle East,12547.0
2000-09-01,Oceania,148813.0
2000-09-01,Europe,147940.0
2000-09-01,North America,29175.0
2000-10-01,South East Asia,409200.0
2000-10-01,North East Asia,277924.0
2000-10-01,South Asia,82797.0
2000-10-01,Middle East,11429.0
2000-10-01,Oceania,176810.0
2000-10-01,Europe,129325.0
2000-10-01,North America,26816.0
2000-11-01,South East Asia,440661.0
2000-11-01,North East Asia,288166.0
2000-11-01,South Asia,88724.0
2000-11-01,Middle East,13481.0
2000-11-01,Oceania,165206.0
2000-11-01,Europe,129048.0
2000-11-01,North America,30583.0
2000-12-01,South East Asia,449540.0
2000-12-01,North East Asia,299980.0
2000-12-01,South Asia,92860.0
2000-12-01,Middle East,11538.0
2000-12-01,Oceania,180939.0
2000-12-01,Europe,126189.0
2000-12-01,North America,33753.0
2001-01-01,South East Asia,435141.0
2001-01-01,North East Asia,266757.0
2001-01-01,South Asia,79443.0
2001-01-01,Middle East,11979.0
2001-01-01,Oceania,172518.0
2001-01-01,Europe,138172.0
2001-01-01,North America,32082.0
2001-02-01,South East Asia,367303.0
2001-02-01,North East Asia,241931.0
2001-02-01,South Asia,70770.0
2001-02-01,Middle East,15247.0
2001-02-01,Oceania,151025.0
2001-02-01,Europe,110594.0
2001-02-01,North America,26987.0
2001-03-01,South East Asia,447484.0
2001-03-01,North East Asia,290584.0
2001-03-01,South Asia,73409.0
2001-03-01,Middle East,12097.0
2001-03-01,Oceania,144712.0
2001-03-01,Europe,146834.0
2001-03-01,North America,32063.0
2001-04-01,South East Asia,421196.0
2001-04-01,North East Asia,262520.0
2001-04-01,South Asia,71781.0
2001-04-01,Middle East,11945.0
2001-04-01,Oceania,141487.0
2001-04-01,Europe,143823.0
2001-04-01,North America,26639.0
2001-05-01,South East Asia,427512.0
2001-05-01,North East Asia,277612.0
2001-05-01,South Asia,74087.0
2001-05-01,Middle East,14115.0
2001-05-01,Oceania,126804.0
2001-05-01,Europe,139414.0
2001-05-01,North America,28890.0
2001-06-01,South East Asia,458212.0
2001-06-01,North East Asia,267572.0
2001-06-01,South Asia,76695.0
2001-06-01,Middle East,13802.0
2001-06-01,Oceania,141123.0
2001-06-01,Europe,130524.0
2001-06-01,North America,29541.0
2001-07-01,South East Asia,458123.0
2001-07-01,North East Asia,261759.0
2001-07-01,South Asia,73935.0
2001-07-01,Middle East,13952.0
2001-07-01,Oceania,175675.0
2001-07-01,Europe,139977.0
2001-07-01,North America,30054.0
2001-08-01,South East Asia,437811.0
2001-08-01,North East Asia,312733.0
2001-08-01,South Asia,70356.0
2001-08-01,Middle East,20593.0
2001-08-01,Oceania,143229.0
2001-08-01,Europe,148279.0
2001-08-01,North America,32008.0
2001-09-01,South East Asia,404308.0
2001-09-01,North East Asia,254832.0
2001-09-01,South Asia,63414.0
2001-09-01,Middle East,13530.0
2001-09-01,Oceania,157079.0
2001-09-01,Europe,141972.0
2001-09-01,North America,22121.0
2001-10-01,South East Asia,374073.0
2001-10-01,North East Asia,226320.0
2001-10-01,South Asia,63015.0
2001-10-01,Middle East,10517.0
2001-10-01,Oceania,177535.0
2001-10-01,Europe,112913.0
2001-10-01,North America,14727.0
2001-11-01,South East Asia,395814.0
2001-11-01,North East Asia,236875.0
2001-11-01,South Asia,74380.0
2001-11-01,Middle East,12250.0
2001-11-01,Oceania,151229.0
2001-11-01,Europe,112622.0
2001-11-01,North America,16691.0
2001-12-01,South East Asia,474525.0
2001-12-01,North East Asia,277388.0
2001-12-01,South Asia,82469.0
2001-12-01,Middle East,11491.0
2001-12-01,Oceania,175657.0
2001-12-01,Europe,112752.0
2001-12-01,North America,23060.0
2002-01-01,South East Asia,392519.0
2002-01-01,North East Asia,225711.0
2002-01-01,South Asia,65058.0
2002-01-01,Middle East,15386.0
2002-01-01,Oceania,170946.0
2002-01-01,Europe,137661.0
2002-01-01,North America,28806.0
2002-02-01,South East Asia,387153.0
2002-02-01,North East Asia,268641.0
2002-02-01,South Asia,65468.0
2002-02-01,Middle East,17004.0
2002-02-01,Oceania,164191.0
2002-02-01,Europe,115731.0
2002-02-01,North America,20743.0
2002-03-01,South East Asia,460227.0
2002-03-01,North East Asia,288632.0
2002-03-01,South Asia,70288.0
2002-03-01,Middle East,12620.0
2002-03-01,Oceania,158401.0
2002-03-01,Europe,152988.0
2002-03-01,North America,29083.0
2002-04-01,South East Asia,415660.0
2002-04-01,North East Asia,275306.0
2002-04-01,South Asia,64836.0
2002-04-01,Middle East,13526.0
2002-04-01,Oceania,139779.0
2002-04-01,Europe,154300.0
2002-04-01,North America,26896.0
2002-05-01,South East Asia,446068.0
2002-05-01,North East Asia,290838.0
2002-05-01,South Asia,76447.0
2002-05-01,Middle East,14716.0
2002-05-01,Oceania,134832.0
2002-05-01,Europe,149662.0
2002-05-01,North America,31190.0
2002-06-01,South East Asia,449530.0
2002-06-01,North East Asia,264558.0
2002-06-01,South Asia,74978.0
2002-06-01,Middle East,14237.0
2002-06-01,Oceania,144769.0
2002-06-01,Europe,136661.0
2002-06-01,North America,32158.0
2002-07-01,South East Asia,448157.0
2002-07-01,North East Asia,263964.0
2002-07-01,South Asia,69187.0
2002-07-01,Middle East,13357.0
2002-07-01,Oceania,178989.0
2002-07-01,Europe,142763.0
2002-07-01,North America,30528.0
2002-08-01,South East Asia,422727.0
2002-08-01,North East Asia,320906.0
2002-08-01,South Asia,70541.0
2002-08-01,Middle East,17996.0
2002-08-01,Oceania,150284.0
2002-08-01,Europe,152384.0
2002-08-01,North America,36042.0
2002-09-01,South East Asia,396557.0
2002-09-01,North East Asia,275623.0
2002-09-01,South Asia,63993.0
2002-09-01,Middle East,16468.0
2002-09-01,Oceania,157608.0
2002-09-01,Europe,149489.0
2002-09-01,North America,25617.0
2002-10-01,South East Asia,412868.0
2002-10-01,North East Asia,285516.0
2002-10-01,South Asia,72967.0
2002-10-01,Middle East,15542.0
2002-10-01,Oceania,187647.0
2002-10-01,Europe,127181.0
2002-10-01,North America,20559.0
2002-11-01,South East Asia,414313.0
2002-11-01,North East Asia,298206.0
2002-11-01,South Asia,85084.0
2002-11-01,Middle East,14183.0
2002-11-01,Oceania,171217.0
2002-11-01,Europe,121787.0
2002-11-01,North America,23197.0
2002-12-01,South East Asia,493981.0
2002-12-01,North East Asia,319742.0
2002-12-01,South Asia,91784.0
2002-12-01,Middle East,10715.0
2002-12-01,Oceania,184096.0
2002-12-01,Europe,123044.0
2002-12-01,North America,29645.0
2003-01-01,South East Asia,435160.0
2003-01-01,North East Asia,251118.0
2003-01-01,South Asia,76917.0
2003-01-01,Middle East,14670.0
2003-01-01,Oceania,189085.0
2003-01-01,Europe,148480.0
2003-01-01,North America,35713.0
2003-02-01,South East Asia,377792.0
2003-02-01,North East Asia,268510.0
2003-02-01,South Asia,66979.0
2003-02-01,Middle East,13977.0
2003-02-01,Oceania,172557.0
2003-02-01,Europe,116545.0
2003-02-01,North America,25333.0
2003-03-01,South East Asia,408018.0
2003-03-01,North East Asia,247850.0
2003-03-01,South Asia,65890.0
2003-03-01,Middle East,9157.0
2003-03-01,Oceania,147730.0
2003-03-01,Europe,145020.0
2003-03-01,North America,27608.0
2003-04-01,South East Asia,172831.0
2003-04-01,North East Asia,80574.0
2003-04-01,South Asia,43542.0
2003-04-01,Middle East,7528.0
2003-04-01,Oceania,103108.0
2003-04-01,Europe,111608.0
2003-04-01,North America,13257.0
2003-05-01,South East Asia,168055.0
2003-05-01,North East Asia,50354.0
2003-05-01,South Asia,41291.0
2003-05-01,Middle East,5407.0
2003-05-01,Oceania,82264.0
2003-05-01,Europe,97962.0
2003-05-01,North America,11094.0
2003-06-01,South East Asia,296131.0
2003-06-01,North East Asia,102108.0
2003-06-01,South Asia,57220.0
2003-06-01,Middle East,7041.0
2003-06-01,Oceania,115441.0
2003-06-01,Europe,104863.0
2003-06-01,North America,18721.0
2003-07-01,South East Asia,396714.0
2003-07-01,North East Asia,192722.0
2003-07-01,South Asia,65400.0
2003-07-01,Middle East,7902.0
2003-07-01,Oceania,166571.0
2003-07-01,Europe,123066.0
2003-07-01,North America,22684.0
2003-08-01,South East Asia,391159.0
2003-08-01,North East Asia,258729.0
2003-08-01,South Asia,67657.0
2003-08-01,Middle East,10690.0
2003-08-01,Oceania,144221.0
2003-08-01,Europe,145736.0
2003-08-01,North America,27375.0
2003-09-01,South East Asia,379658.0
2003-09-01,North East Asia,258576.0
2003-09-01,South Asia,68495.0
2003-09-01,Middle East,12133.0
2003-09-01,Oceania,159378.0
2003-09-01,Europe,137794.0
2003-09-01,North America,22879.0
2003-10-01,South East Asia,395661.0
2003-10-01,North East Asia,260110.0
2003-10-01,South Asia,78207.0
2003-10-01,Middle East,13139.0
2003-10-01,Oceania,184259.0
2003-10-01,Europe,116480.0
2003-10-01,North America,18286.0
2003-11-01,South East Asia,431397.0
2003-11-01,North East Asia,286938.0
2003-11-01,South Asia,93699.0
2003-11-01,Middle East,11695.0
2003-11-01,Oceania,173369.0
2003-11-01,Europe,123769.0
2003-11-01,North America,22145.0
2003-12-01,South East Asia,494195.0
2003-12-01,North East Asia,291962.0
2003-12-01,South Asia,96903.0
2003-12-01,Middle East,11720.0
2003-12-01,Oceania,186050.0
2003-12-01,Europe,123139.0
2003-12-01,North America,27666.0
2004-01-01,South East Asia,437201.0
2004-01-01,North East Asia,260185.0
2004-01-01,South Asia,85286.0
2004-01-01,Middle East,16706.0
2004-01-01,Oceania,193097.0
2004-01-01,Europe,141399.0
2004-01-01,North America,32947.0
2004-02-01,South East Asia,360383.0
2004-02-01,North East Asia,233228.0
2004-02-01,South Asia,74995.0
2004-02-01,Middle East,13098.0
2004-02-01,Oceania,178311.0
2004-02-01,Europe,120821.0
2004-02-01,North America,28667.0
2004-03-01,South East Asia,419269.0
2004-03-01,North East Asia,269817.0
2004-03-01,South Asia,74064.0
2004-03-01,Middle East,13581.0
2004-03-01,Oceania,154448.0
2004-03-01,Europe,146626.0
2004-03-01,North America,30359.0
2004-04-01,South East Asia,414327.0
2004-04-01,North East Asia,271522.0
2004-04-01,South Asia,73774.0
2004-04-01,Middle East,14627.0
2004-04-01,Oceania,152900.0
2004-04-01,Europe,142693.0
2004-04-01,North America,28415.0
2004-05-01,South East Asia,437009.0
2004-05-01,North East Asia,290381.0
2004-05-01,South Asia,88145.0
2004-05-01,Middle East,16792.0
2004-05-01,Oceania,131770.0
2004-05-01,Europe,138800.0
2004-05-01,North America,31409.0
2004-06-01,South East Asia,476166.0
2004-06-01,North East Asia,293371.0
2004-06-01,South Asia,92786.0
2004-06-01,Middle East,16620.0
2004-06-01,Oceania,147021.0
2004-06-01,Europe,131844.0
2004-06-01,North America,33362.0
2004-07-01,South East Asia,472338.0
2004-07-01,North East Asia,292860.0
2004-07-01,South Asia,84056.0
2004-07-01,Middle East,14933.0
2004-07-01,Oceania,195551.0
2004-07-01,Europe,137503.0
2004-07-01,North America,35118.0
2004-08-01,South East Asia,426871.0
2004-08-01,North East Asia,342706.0
2004-08-01,South Asia,78073.0
2004-08-01,Middle East,21204.0
2004-08-01,Oceania,152393.0
2004-08-01,Europe,151119.0
2004-08-01,North America,37826.0
2004-09-01,South East Asia,410624.0
2004-09-01,North East Asia,289580.0
2004-09-01,South Asia,73828.0
2004-09-01,Middle East,20443.0
2004-09-01,Oceania,164079.0
2004-09-01,Europe,141740.0
2004-09-01,North America,27461.0
2004-10-01,South East Asia,432526.0
2004-10-01,North East Asia,312511.0
2004-10-01,South Asia,90257.0
2004-10-01,Middle East,18002.0
2004-10-01,Oceania,194733.0
2004-10-01,Europe,121966.0
2004-10-01,North America,25153.0
2004-11-01,South East Asia,498708.0
2004-11-01,North East Asia,353700.0
2004-11-01,South Asia,105937.0
2004-11-01,Middle East,14829.0
2004-11-01,Oceania,183223.0
2004-11-01,Europe,125011.0
2004-11-01,North America,28811.0
2004-12-01,South East Asia,528660.0
2004-12-01,North East Asia,347315.0
2004-12-01,South Asia,103297.0
2004-12-01,Middle East,15347.0
2004-12-01,Oceania,191028.0
2004-12-01,Europe,129124.0
2004-12-01,North America,36836.0
2005-01-01,South East Asia,423446.0
2005-01-01,North East Asia,256050.0
2005-01-01,South Asia,81662.0
2005-01-01,Middle East,17148.0
2005-01-01,Oceania,212341.0
2005-01-01,Europe,144974.0
2005-01-01,North America,38766.0
2005-02-01,South East Asia,386460.0
2005-02-01,North East Asia,280503.0
2005-02-01,South Asia,71595.0
2005-02-01,Middle East,15059.0
2005-02-01,Oceania,188539.0
2005-02-01,Europe,113388.0
2005-02-01,North America,29335.0
2005-03-01,South East Asia,476023.0
2005-03-01,North East Asia,317077.0
2005-03-01,South Asia,79086.0
2005-03-01,Middle East,15166.0
2005-03-01,Oceania,167877.0
2005-03-01,Europe,148953.0
2005-03-01,North America,35269.0
2005-04-01,South East Asia,452420.0
2005-04-01,North East Asia,314922.0
2005-04-01,South Asia,82251.0
2005-04-01,Middle East,17780.0
2005-04-01,Oceania,152631.0
2005-04-01,Europe,154418.0
2005-04-01,North America,32227.0
2005-05-01,South East Asia,468632.0
2005-05-01,North East Asia,340943.0
2005-05-01,South Asia,96282.0
2005-05-01,Middle East,18964.0
2005-05-01,Oceania,137298.0
2005-05-01,Europe,147959.0
2005-05-01,North America,33212.0
2005-06-01,South East Asia,504461.0
2005-06-01,North East Asia,331835.0
2005-06-01,South Asia,102567.0
2005-06-01,Middle East,18352.0
2005-06-01,Oceania,163195.0
2005-06-01,Europe,140754.0
2005-06-01,North America,36738.0
2005-07-01,South East Asia,512368.0
2005-07-01,North East Asia,332494.0
2005-07-01,South Asia,94902.0
2005-07-01,Middle East,16225.0
2005-07-01,Oceania,210901.0
2005-07-01,Europe,146254.0
2005-07-01,North America,35708.0
2005-08-01,South East Asia,467411.0
2005-08-01,North East Asia,373390.0
2005-08-01,South Asia,86805.0
2005-08-01,Middle East,20539.0
2005-08-01,Oceania,162562.0
2005-08-01,Europe,159144.0
2005-08-01,North America,39123.0
2005-09-01,South East Asia,460220.0
2005-09-01,North East Asia,317185.0
2005-09-01,South Asia,86436.0
2005-09-01,Middle East,21309.0
2005-09-01,Oceania,173697.0
2005-09-01,Europe,146107.0
2005-09-01,North America,29684.0
2005-10-01,South East Asia,460830.0
2005-10-01,North East Asia,362019.0
2005-10-01,South Asia,110132.0
2005-10-01,Middle East,22367.0
2005-10-01,Oceania,207365.0
2005-10-01,Europe,127809.0
2005-10-01,North America,27699.0
2005-11-01,South East Asia,501610.0
2005-11-01,North East Asia,368220.0
2005-11-01,South Asia,110276.0
2005-11-01,Middle East,16919.0
2005-11-01,Oceania,175505.0
2005-11-01,Europe,125162.0
2005-11-01,North America,28131.0
2005-12-01,South East Asia,535097.0
2005-12-01,North East Asia,383784.0
2005-12-01,South Asia,122074.0
2005-12-01,Middle East,21340.0
2005-12-01,Oceania,201386.0
2005-12-01,Europe,132181.0
2005-12-01,North America,35933.0
2006-01-01,South East Asia,488889.0
2006-01-01,North East Asia,300601.0
2006-01-01,South Asia,109891.0
2006-01-01,Middle East,21188.0
2006-01-01,Oceania,224066.0
2006-01-01,Europe,144607.0
2006-01-01,North America,37830.0
2006-02-01,South East Asia,411753.0
2006-02-01,North East Asia,316356.0
2006-02-01,South Asia,92852.0
2006-02-01,Middle East,18653.0
2006-02-01,Oceania,196977.0
2006-02-01,Europe,120370.0
2006-02-01,North America,29951.0
2006-03-01,South East Asia,501840.0
2006-03-01,North East Asia,355296.0
2006-03-01,South Asia,104617.0
2006-03-01,Middle East,22182.0
2006-03-01,Oceania,171343.0
2006-03-01,Europe,156769.0
2006-03-01,North America,34461.0
2006-04-01,South East Asia,500457.0
2006-04-01,North East Asia,349251.0
2006-04-01,South Asia,107432.0
2006-04-01,Middle East,24197.0
2006-04-01,Oceania,172447.0
2006-04-01,Europe,156666.0
2006-04-01,North America,32902.0
2006-05-01,South East Asia,502450.0
2006-05-01,North East Asia,365771.0
2006-05-01,South Asia,117081.0
2006-05-01,Middle East,22339.0
2006-05-01,Oceania,145947.0
2006-05-01,Europe,156314.0
2006-05-01,North America,33435.0
2006-06-01,South East Asia,531535.0
2006-06-01,North East Asia,358032.0
2006-06-01,South Asia,119405.0
2006-06-01,Middle East,21395.0
2006-06-01,Oceania,163704.0
2006-06-01,Europe,158036.0
2006-06-01,North America,36221.0
2006-07-01,South East Asia,535044.0
2006-07-01,North East Asia,359448.0
2006-07-01,South Asia,108256.0
2006-07-01,Middle East,20384.0
2006-07-01,Oceania,219595.0
2006-07-01,Europe,144712.0
2006-07-01,North America,36544.0
2006-08-01,South East Asia,503649.0
2006-08-01,North East Asia,396443.0
2006-08-01,South Asia,101187.0
2006-08-01,Middle East,26699.0
2006-08-01,Oceania,172424.0
2006-08-01,Europe,161066.0
2006-08-01,North America,40135.0
2006-09-01,South East Asia,469704.0
2006-09-01,North East Asia,332203.0
2006-09-01,South Asia,101233.0
2006-09-01,Middle East,24188.0
2006-09-01,Oceania,182645.0
2006-09-01,Europe,156072.0
2006-09-01,North America,29702.0
2006-10-01,South East Asia,508076.0
2006-10-01,North East Asia,391954.0
2006-10-01,South Asia,118123.0
2006-10-01,Middle East,21610.0
2006-10-01,Oceania,215942.0
2006-10-01,Europe,130371.0
2006-10-01,North America,27774.0
2006-11-01,South East Asia,551541.0
2006-11-01,North East Asia,411074.0
2006-11-01,South Asia,127468.0
2006-11-01,Middle East,22197.0
2006-11-01,Oceania,191518.0
2006-11-01,Europe,136994.0
2006-11-01,North America,29872.0
2006-12-01,South East Asia,619798.0
2006-12-01,North East Asia,428538.0
2006-12-01,South Asia,144984.0
2006-12-01,Middle East,27687.0
2006-12-01,Oceania,205460.0
2006-12-01,Europe,143811.0
2006-12-01,North America,35655.0
2007-01-01,South East Asia,493158.0
2007-01-01,North East Asia,308178.0
2007-01-01,South Asia,120620.0
2007-01-01,Middle East,21158.0
2007-01-01,Oceania,217211.0
2007-01-01,Europe,155542.0
2007-01-01,North America,38254.0
2007-02-01,South East Asia,460367.0
2007-02-01,North East Asia,350050.0
2007-02-01,South Asia,109741.0
2007-02-01,Middle East,21448.0
2007-02-01,Oceania,195383.0
2007-02-01,Europe,125581.0
2007-02-01,North America,29464.0
2007-03-01,South East Asia,536663.0
2007-03-01,North East Asia,398326.0
2007-03-01,South Asia,116658.0
2007-03-01,Middle East,24373.0
2007-03-01,Oceania,189395.0
2007-03-01,Europe,164774.0
2007-03-01,North America,36063.0
2007-04-01,South East Asia,519368.0
2007-04-01,North East Asia,366907.0
2007-04-01,South Asia,121276.0
2007-04-01,Middle East,28797.0
2007-04-01,Oceania,176484.0
2007-04-01,Europe,157751.0
2007-04-01,North America,33696.0
2007-05-01,South East Asia,531442.0
2007-05-01,North East Asia,394661.0
2007-05-01,South Asia,135746.0
2007-05-01,Middle East,27577.0
2007-05-01,Oceania,154312.0
2007-05-01,Europe,156350.0
2007-05-01,North America,34532.0
2007-06-01,South East Asia,553199.0
2007-06-01,North East Asia,378388.0
2007-06-01,South Asia,139783.0
2007-06-01,Middle East,26999.0
2007-06-01,Oceania,168228.0
2007-06-01,Europe,153924.0
2007-06-01,North America,35562.0
2007-07-01,South East Asia,569999.0
2007-07-01,North East Asia,376600.0
2007-07-01,South Asia,123612.0
2007-07-01,Middle East,22491.0
2007-07-01,Oceania,208709.0
2007-07-01,Europe,143161.0
2007-07-01,North America,36526.0
2007-08-01,South East Asia,539971.0
2007-08-01,North East Asia,414685.0
2007-08-01,South Asia,122398.0
2007-08-01,Middle East,28166.0
2007-08-01,Oceania,180649.0
2007-08-01,Europe,158487.0
2007-08-01,North America,39620.0
2007-09-01,South East Asia,489565.0
2007-09-01,North East Asia,366306.0
2007-09-01,South Asia,116958.0
2007-09-01,Middle East,25277.0
2007-09-01,Oceania,183389.0
2007-09-01,Europe,158150.0
2007-09-01,North America,31022.0
2007-10-01,South East Asia,544379.0
2007-10-01,North East Asia,402344.0
2007-10-01,South Asia,128147.0
2007-10-01,Middle East,23255.0
2007-10-01,Oceania,213773.0
2007-10-01,Europe,131143.0
2007-10-01,North America,27375.0
2007-11-01,South East Asia,565783.0
2007-11-01,North East Asia,447153.0
2007-11-01,South Asia,155445.0
2007-11-01,Middle East,24693.0
2007-11-01,Oceania,193883.0
2007-11-01,Europe,133515.0
2007-11-01,North America,30363.0
2007-12-01,South East Asia,609249.0
2007-12-01,North East Asia,465950.0
2007-12-01,South Asia,163492.0
2007-12-01,Middle East,26062.0
2007-12-01,Oceania,211174.0
2007-12-01,Europe,142337.0
2007-12-01,North America,34641.0
2008-01-01,South East Asia,525622.0
2008-01-01,North East Asia,347039.0
2008-01-01,South Asia,131633.0
2008-01-01,Middle East,26118.0
2008-01-01,Oceania,231699.0
2008-01-01,Europe,152756.0
2008-01-01,North America,34481.0
2008-02-01,South East Asia,507845.0
2008-02-01,North East Asia,382069.0
2008-02-01,South Asia,122714.0
2008-02-01,Middle East,23839.0
2008-02-01,Oceania,206633.0
2008-02-01,Europe,136126.0
2008-02-01,North America,27009.0
2008-03-01,South East Asia,587684.0
2008-03-01,North East Asia,405600.0
2008-03-01,South Asia,131616.0
2008-03-01,Middle East,26662.0
2008-03-01,Oceania,195905.0
2008-03-01,Europe,173263.0
2008-03-01,North America,31225.0
2008-04-01,South East Asia,537259.0
2008-04-01,North East Asia,362923.0
2008-04-01,South Asia,130075.0
2008-04-01,Middle East,28415.0
2008-04-01,Oceania,177265.0
2008-04-01,Europe,181076.0
2008-04-01,North America,29679.0
2008-05-01,South East Asia,570114.0
2008-05-01,North East Asia,396470.0
2008-05-01,South Asia,149176.0
2008-05-01,Middle East,28639.0
2008-05-01,Oceania,168595.0
2008-05-01,Europe,178506.0
2008-05-01,North America,31779.0
2008-06-01,South East Asia,582544.0
2008-06-01,North East Asia,362713.0
2008-06-01,South Asia,146572.0
2008-06-01,Middle East,27788.0
2008-06-01,Oceania,178033.0
2008-06-01,Europe,171295.0
2008-06-01,North America,32290.0
2008-07-01,South East Asia,587330.0
2008-07-01,North East Asia,344189.0
2008-07-01,South Asia,129579.0
2008-07-01,Middle East,27605.0
2008-07-01,Oceania,229551.0
2008-07-01,Europe,168071.0
2008-07-01,North America,29672.0
2008-08-01,South East Asia,558461.0
2008-08-01,North East Asia,366664.0
2008-08-01,South Asia,132765.0
2008-08-01,Middle East,36050.0
2008-08-01,Oceania,195311.0
2008-08-01,Europe,185387.0
2008-08-01,North America,33302.0
2008-09-01,South East Asia,473068.0
2008-09-01,North East Asia,342511.0
2008-09-01,South Asia,120922.0
2008-09-01,Middle East,27469.0
2008-09-01,Oceania,196225.0
2008-09-01,Europe,174949.0
2008-09-01,North America,25376.0
2008-10-01,South East Asia,564867.0
2008-10-01,North East Asia,378261.0
2008-10-01,South Asia,140162.0
2008-10-01,Middle East,28433.0
2008-10-01,Oceania,229889.0
2008-10-01,Europe,147462.0
2008-10-01,North America,21142.0
2008-11-01,South East Asia,537537.0
2008-11-01,North East Asia,407709.0
2008-11-01,South Asia,153305.0
2008-11-01,Middle East,30056.0
2008-11-01,Oceania,195355.0
2008-11-01,Europe,153251.0
2008-11-01,North America,25113.0
2008-12-01,South East Asia,630039.0
2008-12-01,North East Asia,435328.0
2008-12-01,South Asia,156252.0
2008-12-01,Middle East,33058.0
2008-12-01,Oceania,219005.0
2008-12-01,Europe,160274.0
2008-12-01,North America,27050.0
2009-01-01,South East Asia,547186.0
2009-01-01,North East Asia,328198.0
2009-01-01,South Asia,120462.0
2009-01-01,Middle East,33033.0
2009-01-01,Oceania,242718.0
2009-01-01,Europe,161107.0
2009-01-01,North America,24079.0
2009-02-01,South East Asia,450471.0
2009-02-01,North East Asia,299247.0
2009-02-01,South Asia,105631.0
2009-02-01,Middle East,26983.0
2009-02-01,Oceania,192372.0
2009-02-01,Europe,127314.0
2009-02-01,North America,17445.0
2009-03-01,South East Asia,574093.0
2009-03-01,North East Asia,350531.0
2009-03-01,South Asia,110692.0
2009-03-01,Middle East,32386.0
2009-03-01,Oceania,162655.0
2009-03-01,Europe,159563.0
2009-03-01,North America,19507.0
2009-04-01,South East Asia,561955.0
2009-04-01,North East Asia,340671.0
2009-04-01,South Asia,118048.0
2009-04-01,Middle East,36802.0
2009-04-01,Oceania,166622.0
2009-04-01,Europe,161183.0
2009-04-01,North America,17296.0
2009-05-01,South East Asia,555652.0
2009-05-01,North East Asia,313635.0
2009-05-01,South Asia,130806.0
2009-05-01,Middle East,35813.0
2009-05-01,Oceania,146939.0
2009-05-01,Europe,158782.0
2009-05-01,North America,16791.0
2009-06-01,South East Asia,636620.0
2009-06-01,North East Asia,315462.0
2009-06-01,South Asia,138349.0
2009-06-01,Middle East,34415.0
2009-06-01,Oceania,156826.0
2009-06-01,Europe,160403.0
2009-06-01,North America,21072.0
2009-07-01,South East Asia,651218.0
2009-07-01,North East Asia,318714.0
2009-07-01,South Asia,124500.0
2009-07-01,Middle East,31574.0
2009-07-01,Oceania,203570.0
2009-07-01,Europe,158654.0
2009-07-01,North America,21994.0
2009-08-01,South East Asia,620703.0
2009-08-01,North East Asia,370931.0
2009-08-01,South Asia,123074.0
2009-08-01,Middle East,39862.0
2009-08-01,Oceania,168213.0
2009-08-01,Europe,174676.0
2009-08-01,North America,24665.0
2009-09-01,South East Asia,611531.0
2009-09-01,North East Asia,346799.0
2009-09-01,South Asia,113424.0
2009-09-01,Middle East,29872.0
2009-09-01,Oceania,186638.0
2009-09-01,Europe,165195.0
2009-09-01,North America,20055.0
2009-10-01,South East Asia,672977.0
2009-10-01,North East Asia,378339.0
2009-10-01,South Asia,139427.0
2009-10-01,Middle East,30940.0
2009-10-01,Oceania,221759.0
2009-10-01,Europe,142525.0
2009-10-01,North America,19843.0
2009-11-01,South East Asia,701516.0
2009-11-01,North East Asia,405305.0
2009-11-01,South Asia,155918.0
2009-11-01,Middle East,34259.0
2009-11-01,Oceania,194154.0
2009-11-01,Europe,150866.0
2009-11-01,North America,21407.0
2009-12-01,South East Asia,801059.0
2009-12-01,North East Asia,449982.0
2009-12-01,South Asia,163774.0
2009-12-01,Middle East,32211.0
2009-12-01,Oceania,206840.0
2009-12-01,Europe,149586.0
2009-12-01,North America,25254.0
2010-01-01,South East Asia,670373.0
2010-01-01,North East Asia,326405.0
2010-01-01,South Asia,132835.0
2010-01-01,Middle East,31625.0
2010-01-01,Oceania,236638.0
2010-01-01,Europe,159826.0
2010-01-01,North America,25211.0
2010-02-01,South East Asia,635464.0
2010-02-01,North East Asia,377144.0
2010-02-01,South Asia,119938.0
2010-02-01,Middle East,30149.0
2010-02-01,Oceania,199629.0
2010-02-01,Europe,130910.0
2010-02-01,North America,20386.0
2010-03-01,South East Asia,719644.0
2010-03-01,North East Asia,416111.0
2010-03-01,South Asia,131450.0
2010-03-01,Middle East,36564.0
2010-03-01,Oceania,178384.0
2010-03-01,Europe,173432.0
2010-03-01,North America,22857.0
2010-04-01,South East Asia,675327.0
2010-04-01,North East Asia,389638.0
2010-04-01,South Asia,128671.0
2010-04-01,Middle East,35781.0
2010-04-01,Oceania,169935.0
2010-04-01,Europe,151772.0
2010-04-01,North America,22279.0
2010-05-01,South East Asia,717480.0
2010-05-01,North East Asia,425962.0
2010-05-01,South Asia,160775.0
2010-05-01,Middle East,38542.0
2010-05-01,Oceania,148896.0
2010-05-01,Europe,162032.0
2010-05-01,North America,24087.0
2010-06-01,South East Asia,755765.0
2010-06-01,North East Asia,424854.0
2010-06-01,South Asia,153990.0
2010-06-01,Middle East,34383.0
2010-06-01,Oceania,164726.0
2010-06-01,Europe,165726.0
2010-06-01,North America,26222.0
2010-07-01,South East Asia,784841.0
2010-07-01,North East Asia,398122.0
2010-07-01,South Asia,136511.0
2010-07-01,Middle East,35570.0
2010-07-01,Oceania,216573.0
2010-07-01,Europe,159153.0
2010-07-01,North America,26360.0
2010-08-01,South East Asia,703618.0
2010-08-01,North East Asia,436170.0
2010-08-01,South Asia,132275.0
2010-08-01,Middle East,37213.0
2010-08-01,Oceania,167762.0
2010-08-01,Europe,171604.0
2010-08-01,North America,26212.0
2010-09-01,South East Asia,708085.0
2010-09-01,North East Asia,399382.0
2010-09-01,South Asia,121921.0
2010-09-01,Middle East,33143.0
2010-09-01,Oceania,191179.0
2010-09-01,Europe,164364.0
2010-09-01,North America,20785.0
2010-10-01,South East Asia,748352.0
2010-10-01,North East Asia,428078.0
2010-10-01,South Asia,148755.0
2010-10-01,Middle East,28357.0
2010-10-01,Oceania,220484.0
2010-10-01,Europe,138869.0
2010-10-01,North America,21701.0
2010-11-01,South East Asia,767592.0
2010-11-01,North East Asia,457247.0
2010-11-01,South Asia,171551.0
2010-11-01,Middle East,35800.0
2010-11-01,Oceania,193484.0
2010-11-01,Europe,145192.0
2010-11-01,North America,23161.0
2010-12-01,South East Asia,868766.0
2010-12-01,North East Asia,493714.0
2010-12-01,South Asia,170277.0
2010-12-01,Middle East,34891.0
2010-12-01,Oceania,204541.0
2010-12-01,Europe,146593.0
2010-12-01,North America,26957.0
2011-01-01,South East Asia,807242.0
2011-01-01,North East Asia,398810.0
2011-01-01,South Asia,150353.0
2011-01-01,Middle East,33116.0
2011-01-01,Oceania,246105.0
2011-01-01,Europe,158320.0
2011-01-01,North America,24905.0
2011-02-01,South East Asia,706336.0
2011-02-01,North East Asia,421474.0
2011-02-01,South Asia,128290.0
2011-02-01,Middle East,30501.0
2011-02-01,Oceania,205279.0
2011-02-01,Europe,123331.0
2011-02-01,North America,19909.0
2011-03-01,South East Asia,815867.0
2011-03-01,North East Asia,435439.0
2011-03-01,South Asia,137742.0
2011-03-01,Middle East,37410.0
2011-03-01,Oceania,180125.0
2011-03-01,Europe,169421.0
2011-03-01,North America,24853.0
2011-04-01,South East Asia,806624.0
2011-04-01,North East Asia,434160.0
2011-04-01,South Asia,141458.0
2011-04-01,Middle East,36928.0
2011-04-01,Oceania,192240.0
2011-04-01,Europe,168423.0
2011-04-01,North America,22460.0
2011-05-01,South East Asia,826389.0
2011-05-01,North East Asia,453443.0
2011-05-01,South Asia,160682.0
2011-05-01,Middle East,40443.0
2011-05-01,Oceania,179405.0
2011-05-01,Europe,174795.0
2011-05-01,North America,24130.0
2011-06-01,South East Asia,874921.0
2011-06-01,North East Asia,457192.0
2011-06-01,South Asia,163707.0
2011-06-01,Middle East,38799.0
2011-06-01,Oceania,180661.0
2011-06-01,Europe,176092.0
2011-06-01,North America,28009.0
2011-07-01,South East Asia,898097.0
2011-07-01,North East Asia,473631.0
2011-07-01,South Asia,150225.0
2011-07-01,Middle East,40449.0
2011-07-01,Oceania,233071.0
2011-07-01,Europe,168022.0
2011-07-01,North America,29371.0
2011-08-01,South East Asia,762199.0
2011-08-01,North East Asia,538109.0
2011-08-01,South Asia,138656.0
2011-08-01,Middle East,34510.0
2011-08-01,Oceania,197205.0
2011-08-01,Europe,174641.0
2011-08-01,North America,28430.0
2011-09-01,South East Asia,824269.0
2011-09-01,North East Asia,441643.0
2011-09-01,South Asia,134899.0
2011-09-01,Middle East,38500.0
2011-09-01,Oceania,207927.0
2011-09-01,Europe,169601.0
2011-09-01,North America,22446.0
2011-10-01,South East Asia,801820.0
2011-10-01,North East Asia,479398.0
2011-10-01,South Asia,162857.0
2011-10-01,Middle East,33732.0
2011-10-01,Oceania,237014.0
2011-10-01,Europe,139992.0
2011-10-01,North America,21923.0
2011-11-01,South East Asia,817460.0
2011-11-01,North East Asia,520168.0
2011-11-01,South Asia,178638.0
2011-11-01,Middle East,39523.0
2011-11-01,Oceania,208269.0
2011-11-01,Europe,145734.0
2011-11-01,North America,22783.0
2011-12-01,South East Asia,965468.0
2011-12-01,North East Asia,577958.0
2011-12-01,South Asia,191723.0
2011-12-01,Middle East,44158.0
2011-12-01,Oceania,218285.0
2011-12-01,Europe,155429.0
2011-12-01,North America,28189.0
2012-01-01,South East Asia,877576.0
2012-01-01,North East Asia,486839.0
2012-01-01,South Asia,164043.0
2012-01-01,Middle East,45512.0
2012-01-01,Oceania,265214.0
2012-01-01,Europe,163236.0
2012-01-01,North America,23959.0
2012-02-01,South East Asia,787821.0
2012-02-01,North East Asia,461922.0
2012-02-01,South Asia,147534.0
2012-02-01,Middle East,41164.0
2012-02-01,Oceania,220382.0
2012-02-01,Europe,145974.0
2012-02-01,North America,22784.0
2012-03-01,South East Asia,932783.0
2012-03-01,North East Asia,523469.0
2012-03-01,South Asia,161203.0
2012-03-01,Middle East,51455.0
2012-03-01,Oceania,201298.0
2012-03-01,Europe,186109.0
2012-03-01,North America,25586.0
2012-04-01,South East Asia,902570.0
2012-04-01,North East Asia,502841.0
2012-04-01,South Asia,161730.0
2012-04-01,Middle East,46926.0
2012-04-01,Oceania,208020.0
2012-04-01,Europe,187385.0
2012-04-01,North America,23927.0
2012-05-01,South East Asia,891785.0
2012-05-01,North East Asia,499207.0
2012-05-01,South Asia,179645.0
2012-05-01,Middle East,46243.0
2012-05-01,Oceania,176331.0
2012-05-01,Europe,187261.0
2012-05-01,North America,25754.0
2012-06-01,South East Asia,951146.0
2012-06-01,North East Asia,487108.0
2012-06-01,South Asia,188240.0
2012-06-01,Middle East,46014.0
2012-06-01,Oceania,204393.0
2012-06-01,Europe,191707.0
2012-06-01,North America,29948.0
2012-07-01,South East Asia,920907.0
2012-07-01,North East Asia,489949.0
2012-07-01,South Asia,161430.0
2012-07-01,Middle East,44705.0
2012-07-01,Oceania,261172.0
2012-07-01,Europe,170725.0
2012-07-01,North America,31104.0
2012-08-01,South East Asia,873090.0
2012-08-01,North East Asia,565647.0
2012-08-01,South Asia,154548.0
2012-08-01,Middle East,44063.0
2012-08-01,Oceania,211957.0
2012-08-01,Europe,188986.0
2012-08-01,North America,31238.0
2012-09-01,South East Asia,832178.0
2012-09-01,North East Asia,451632.0
2012-09-01,South Asia,148536.0
2012-09-01,Middle East,46255.0
2012-09-01,Oceania,226744.0
2012-09-01,Europe,191056.0
2012-09-01,North America,25770.0
2012-10-01,South East Asia,890101.0
2012-10-01,North East Asia,534536.0
2012-10-01,South Asia,174109.0
2012-10-01,Middle East,40182.0
2012-10-01,Oceania,266808.0
2012-10-01,Europe,146667.0
2012-10-01,North America,21587.0
2012-11-01,South East Asia,952521.0
2012-11-01,North East Asia,557917.0
2012-11-01,South Asia,201332.0
2012-11-01,Middle East,42176.0
2012-11-01,Oceania,224753.0
2012-11-01,Europe,156747.0
2012-11-01,North America,23829.0
2012-12-01,South East Asia,1060488.0
2012-12-01,North East Asia,603602.0
2012-12-01,South Asia,208081.0
2012-12-01,Middle East,50685.0
2012-12-01,Oceania,241939.0
2012-12-01,Europe,163777.0
2012-12-01,North America,28231.0
2013-01-01,South East Asia,877763.0
2013-01-01,North East Asia,473611.0
2013-01-01,South Asia,170140.0
2013-01-01,Middle East,48234.0
2013-01-01,Oceania,283214.0
2013-01-01,Europe,159357.0
2013-01-01,North America,29400.0
2013-01-01,Other Regions,9649.0
2013-02-01,South East Asia,840705.0
2013-02-01,North East Asia,555498.0
2013-02-01,South Asia,161404.0
2013-02-01,Middle East,51888.0
2013-02-01,Oceania,240504.0
2013-02-01,Europe,141034.0
2013-02-01,North America,21601.0
2013-02-01,Other Regions,7465.0
2013-03-01,South East Asia,1009787.0
2013-03-01,North East Asia,577109.0
2013-03-01,South Asia,171129.0
2013-03-01,Middle East,56378.0
2013-03-01,Oceania,221544.0
2013-03-01,Europe,182617.0
2013-03-01,North America,24811.0
2013-03-01,Other Regions,9069.0
2013-04-01,South East Asia,927382.0
2013-04-01,North East Asia,509647.0
2013-04-01,South Asia,159268.0
2013-04-01,Middle East,51170.0
2013-04-01,Oceania,206066.0
2013-04-01,Europe,174647.0
2013-04-01,North America,23756.0
2013-04-01,Other Regions,9005.0
2013-05-01,South East Asia,976514.0
2013-05-01,North East Asia,519064.0
2013-05-01,South Asia,190600.0
2013-05-01,Middle East,52898.0
2013-05-01,Oceania,181315.0
2013-05-01,Europe,170258.0
2013-05-01,North America,25618.0
2013-05-01,Other Regions,7911.0
2013-06-01,South East Asia,1064317.0
2013-06-01,North East Asia,536186.0
2013-06-01,South Asia,195916.0
2013-06-01,Middle East,60894.0
2013-06-01,Oceania,203121.0
2013-06-01,Europe,183039.0
2013-06-01,North America,31002.0
2013-06-01,Other Regions,8290.0
2013-07-01,South East Asia,971217.0
2013-07-01,North East Asia,526777.0
2013-07-01,South Asia,164103.0
2013-07-01,Middle East,47878.0
2013-07-01,Oceania,272629.0
2013-07-01,Europe,168935.0
2013-07-01,North America,28705.0
2013-07-01,Other Regions,8949.0
2013-08-01,South East Asia,1006135.0
2013-08-01,North East Asia,625133.0
2013-08-01,South Asia,169116.0
2013-08-01,Middle East,54738.0
2013-08-01,Oceania,218391.0
2013-08-01,Europe,185857.0
2013-08-01,North America,29821.0
2013-08-01,Other Regions,8255.0
2013-09-01,South East Asia,930581.0
2013-09-01,North East Asia,517579.0
2013-09-01,South Asia,153955.0
2013-09-01,Middle East,51038.0
2013-09-01,Oceania,221665.0
2013-09-01,Europe,178867.0
2013-09-01,North America,23684.0
2013-09-01,Other Regions,9406.0
2013-10-01,South East Asia,975069.0
2013-10-01,North East Asia,557931.0
2013-10-01,South Asia,175711.0
2013-10-01,Middle East,45491.0
2013-10-01,Oceania,262268.0
2013-10-01,Europe,137754.0
2013-10-01,North America,20194.0
2013-10-01,Other Regions,8943.0
2013-11-01,South East Asia,1025455.0
2013-11-01,North East Asia,582608.0
2013-11-01,South Asia,197899.0
2013-11-01,Middle East,43885.0
2013-11-01,Oceania,217911.0
2013-11-01,Europe,145963.0
2013-11-01,North America,20217.0
2013-11-01,Other Regions,8704.0
2013-12-01,South East Asia,1148292.0
2013-12-01,North East Asia,627410.0
2013-12-01,South Asia,221455.0
2013-12-01,Middle East,58955.0
2013-12-01,Oceania,240882.0
2013-12-01,Europe,154022.0
2013-12-01,North America,23025.0
2013-12-01,Other Regions,9748.0
2014-01-01,South East Asia,983119.0
2014-01-01,North East Asia,531659.0
2014-01-01,South Asia,191499.0
2014-01-01,Middle East,56192.0
2014-01-01,Oceania,307494.0
2014-01-01,Europe,155438.0
2014-01-01,North America,21659.0
2014-01-01,Other Regions,9398.0
2014-02-01,South East Asia,832407.0
2014-02-01,North East Asia,561160.0
2014-02-01,South Asia,157205.0
2014-02-01,Middle East,46796.0
2014-02-01,Oceania,238512.0
2014-02-01,Europe,127649.0
2014-02-01,North America,17823.0
2014-02-01,Other Regions,6940.0
2014-03-01,South East Asia,988715.0
2014-03-01,North East Asia,601168.0
2014-03-01,South Asia,173475.0
2014-03-01,Middle East,56898.0
2014-03-01,Oceania,206666.0
2014-03-01,Europe,164197.0
2014-03-01,North America,20129.0
2014-03-01,Other Regions,7802.0
2014-04-01,South East Asia,971077.0
2014-04-01,North East Asia,539063.0
2014-04-01,South Asia,175541.0
2014-04-01,Middle East,53967.0
2014-04-01,Oceania,220297.0
2014-04-01,Europe,168888.0
2014-04-01,North America,18040.0
2014-04-01,Other Regions,8962.0
2014-05-01,South East Asia,971320.0
2014-05-01,North East Asia,545398.0
2014-05-01,South Asia,201088.0
2014-05-01,Middle East,50195.0
2014-05-01,Oceania,198191.0
2014-05-01,Europe,172665.0
2014-05-01,North America,21092.0
2014-05-01,Other Regions,9061.0
2014-06-01,South East Asia,1044254.0
2014-06-01,North East Asia,558839.0
2014-06-01,South Asia,207049.0
2014-06-01,Middle East,51234.0
2014-06-01,Oceania,204592.0
2014-06-01,Europe,186242.0
2014-06-01,North America,22496.0
2014-06-01,Other Regions,8752.0
2014-07-01,South East Asia,949446.0
2014-07-01,North East Asia,564835.0
2014-07-01,South Asia,180956.0
2014-07-01,Middle East,42004.0
2014-07-01,Oceania,274003.0
2014-07-01,Europe,177484.0
2014-07-01,North America,22504.0
2014-07-01,Other Regions,10114.0
2014-08-01,South East Asia,975089.0
2014-08-01,North East Asia,625815.0
2014-08-01,South Asia,181766.0
2014-08-01,Middle East,63705.0
2014-08-01,Oceania,224931.0
2014-08-01,Europe,187551.0
2014-08-01,North America,23846.0
2014-08-01,Other Regions,8634.0
2014-09-01,South East Asia,908941.0
2014-09-01,North East Asia,523833.0
2014-09-01,South Asia,171313.0
2014-09-01,Middle East,58653.0
2014-09-01,Oceania,231894.0
2014-09-01,Europe,173614.0
2014-09-01,North America,17226.0
2014-09-01,Other Regions,8650.0
2014-10-01,South East Asia,971167.0
2014-10-01,North East Asia,589483.0
2014-10-01,South Asia,196154.0
2014-10-01,Middle East,49450.0
2014-10-01,Oceania,253190.0
2014-10-01,Europe,138462.0
2014-10-01,North America,15614.0
2014-10-01,Other Regions,5921.0
2014-11-01,South East Asia,992692.0
2014-11-01,North East Asia,595362.0
2014-11-01,South Asia,211992.0
2014-11-01,Middle East,48837.0
2014-11-01,Oceania,217763.0
2014-11-01,Europe,143200.0
2014-11-01,North America,17515.0
2014-11-01,Other Regions,5688.0
2014-12-01,South East Asia,1137015.0
2014-12-01,North East Asia,640184.0
2014-12-01,South Asia,230162.0
2014-12-01,Middle East,64659.0
2014-12-01,Oceania,239784.0
2014-12-01,Europe,149514.0
2014-12-01,North America,19322.0
2014-12-01,Other Regions,7841.0
2015-01-01,South East Asia,897734.0
2015-01-01,North East Asia,486732.0
2015-01-01,South Asia,195229.0
2015-01-01,Middle East,60208.0
2015-01-01,Oceania,292667.0
2015-01-01,Europe,150845.0
2015-01-01,North America,21679.0
2015-01-01,Other Regions,7719.0
2015-02-01,South East Asia,860772.0
2015-02-01,North East Asia,585065.0
2015-02-01,South Asia,172685.0
2015-02-01,Middle East,51833.0
2015-02-01,Oceania,241765.0
2015-02-01,Europe,125498.0
2015-02-01,North America,14380.0
2015-02-01,Other Regions,4991.0
2015-03-01,South East Asia,983816.0
2015-03-01,North East Asia,613798.0
2015-03-01,South Asia,175380.0
2015-03-01,Middle East,60436.0
2015-03-01,Oceania,223763.0
2015-03-01,Europe,163010.0
2015-03-01,North America,18689.0
2015-03-01,Other Regions,7071.0
2015-04-01,South East Asia,946865.0
2015-04-01,North East Asia,551958.0
2015-04-01,South Asia,178926.0
2015-04-01,Middle East,63508.0
2015-04-01,Oceania,214859.0
2015-04-01,Europe,169679.0
2015-04-01,North America,18328.0
2015-04-01,Other Regions,7462.0
2015-05-01,South East Asia,1017834.0
2015-05-01,North East Asia,577520.0
2015-05-01,South Asia,210113.0
2015-05-01,Middle East,58096.0
2015-05-01,Oceania,191912.0
2015-05-01,Europe,167498.0
2015-05-01,North America,20739.0
2015-05-01,Other Regions,7032.0
2015-06-01,South East Asia,1040931.0
2015-06-01,North East Asia,559560.0
2015-06-01,South Asia,204083.0
2015-06-01,Middle East,60047.0
2015-06-01,Oceania,202640.0
2015-06-01,Europe,183695.0
2015-06-01,North America,21917.0
2015-06-01,Other Regions,5844.0
2015-07-01,South East Asia,1042937.0
2015-07-01,North East Asia,597556.0
2015-07-01,South Asia,187491.0
2015-07-01,Middle East,56286.0
2015-07-01,Oceania,275268.0
2015-07-01,Europe,188412.0
2015-07-01,North America,25037.0
2015-07-01,Other Regions,8182.0
2015-08-01,South East Asia,1000309.0
2015-08-01,North East Asia,711054.0
2015-08-01,South Asia,191623.0
2015-08-01,Middle East,79057.0
2015-08-01,Oceania,237417.0
2015-08-01,Europe,194539.0
2015-08-01,North America,25291.0
2015-08-01,Other Regions,7765.0
2015-09-01,South East Asia,936720.0
2015-09-01,North East Asia,559018.0
2015-09-01,South Asia,174815.0
2015-09-01,Middle East,68238.0
2015-09-01,Oceania,247171.0
2015-09-01,Europe,180285.0
2015-09-01,North America,18704.0
2015-09-01,Other Regions,7363.0
2015-10-01,South East Asia,973146.0
2015-10-01,North East Asia,619567.0
2015-10-01,South Asia,190911.0
2015-10-01,Middle East,54084.0
2015-10-01,Oceania,270237.0
2015-10-01,Europe,145806.0
2015-10-01,North America,17037.0
2015-10-01,Other Regions,8070.0
2015-11-01,South East Asia,1020847.0
2015-11-01,North East Asia,632055.0
2015-11-01,South Asia,219549.0
2015-11-01,Middle East,54437.0
2015-11-01,Oceania,247138.0
2015-11-01,Europe,145849.0
2015-11-01,North America,17077.0
2015-11-01,Other Regions,6984.0
2015-12-01,South East Asia,1179709.0
2015-12-01,North East Asia,678653.0
2015-12-01,South Asia,231840.0
2015-12-01,Middle East,75677.0
2015-12-01,Oceania,258869.0
2015-12-01,Europe,152081.0
2015-12-01,North America,18940.0
2015-12-01,Other Regions,8547.0
2016-01-01,South East Asia,997665.0
2016-01-01,North East Asia,567209.0
2016-01-01,South Asia,201606.0
2016-01-01,Middle East,68330.0
2016-01-01,Oceania,299953.0
2016-01-01,Europe,155667.0
2016-01-01,North America,20544.0
2016-01-01,Other Regions,8288.0
2016-02-01,South East Asia,974513.0
2016-02-01,North East Asia,658575.0
2016-02-01,South Asia,176447.0
2016-02-01,Middle East,58960.0
2016-02-01,Oceania,262853.0
2016-02-01,Europe,142068.0
2016-02-01,North America,14461.0
2016-02-01,Other Regions,5799.0
2016-03-01,South East Asia,1086304.0
2016-03-01,North East Asia,652092.0
2016-03-01,South Asia,186615.0
2016-03-01,Middle East,68923.0
2016-03-01,Oceania,233361.0
2016-03-01,Europe,172301.0
2016-03-01,North America,15244.0
2016-03-01,Other Regions,7646.0
2016-04-01,South East Asia,1040022.0
2016-04-01,North East Asia,634062.0
2016-04-01,South Asia,187734.0
2016-04-01,Middle East,68909.0
2016-04-01,Oceania,233540.0
2016-04-01,Europe,177549.0
2016-04-01,North America,15835.0
2016-04-01,Other Regions,8565.0
2016-05-01,South East Asia,1078793.0
2016-05-01,North East Asia,631934.0
2016-05-01,South Asia,212291.0
2016-05-01,Middle East,58078.0
2016-05-01,Oceania,204970.0
2016-05-01,Europe,166898.0
2016-05-01,North America,17029.0
2016-05-01,Other Regions,7540.0
2016-06-01,South East Asia,1058043.0
2016-06-01,North East Asia,619253.0
2016-06-01,South Asia,210807.0
2016-06-01,Middle East,59801.0
2016-06-01,Oceania,215242.0
2016-06-01,Europe,177253.0
2016-06-01,North America,24199.0
2016-06-01,Other Regions,6643.0
2016-07-01,South East Asia,1127228.0
2016-07-01,North East Asia,628417.0
2016-07-01,South Asia,198127.0
2016-07-01,Middle East,60627.0
2016-07-01,Oceania,294051.0
2016-07-01,Europe,178165.0
2016-07-01,North America,25999.0
2016-07-01,Other Regions,8989.0
2016-08-01,South East Asia,1007609.0
2016-08-01,North East Asia,697350.0
2016-08-01,South Asia,196195.0
2016-08-01,Middle East,76452.0
2016-08-01,Oceania,234970.0
2016-08-01,Europe,190861.0
2016-08-01,North America,26159.0
2016-08-01,Other Regions,8677.0
2016-09-01,South East Asia,990490.0
2016-09-01,North East Asia,574820.0
2016-09-01,South Asia,192058.0
2016-09-01,Middle East,67476.0
2016-09-01,Oceania,249703.0
2016-09-01,Europe,174651.0
2016-09-01,North America,21774.0
2016-09-01,Other Regions,8309.0
2016-10-01,South East Asia,1029961.0
2016-10-01,North East Asia,617563.0
2016-10-01,South Asia,214716.0
2016-10-01,Middle East,53694.0
2016-10-01,Oceania,271117.0
2016-10-01,Europe,150693.0
2016-10-01,North America,22335.0
2016-10-01,Other Regions,8585.0
2016-11-01,South East Asia,1053087.0
2016-11-01,North East Asia,634777.0
2016-11-01,South Asia,238657.0
2016-11-01,Middle East,59177.0
2016-11-01,Oceania,239208.0
2016-11-01,Europe,151187.0
2016-11-01,North America,26137.0
2016-11-01,Other Regions,6990.0
2016-12-01,South East Asia,1245415.0
2016-12-01,North East Asia,723316.0
2016-12-01,South Asia,273824.0
2016-12-01,Middle East,85849.0
2016-12-01,Oceania,262163.0
2016-12-01,Europe,158361.0
2016-12-01,North America,29317.0
2016-12-01,Other Regions,8278.0
2017-01-01,South East Asia,1116214.0
2017-01-01,North East Asia,609406.0
2017-01-01,South Asia,237933.0
2017-01-01,Middle East,71347.0
2017-01-01,Oceania,316975.0
2017-01-01,Europe,165576.0
2017-01-01,North America,30220.0
2017-01-01,Other Regions,8358.0
2017-02-01,South East Asia,948568.0
2017-02-01,North East Asia,643290.0
2017-02-01,South Asia,184193.0
2017-02-01,Middle East,61928.0
2017-02-01,Oceania,267888.0
2017-02-01,Europe,145905.0
2017-02-01,North America,24177.0
2017-02-01,Other Regions,5845.0
2017-03-01,South East Asia,1122339.0
2017-03-01,North East Asia,668732.0
2017-03-01,South Asia,200733.0
2017-03-01,Middle East,73175.0
2017-03-01,Oceania,236066.0
2017-03-01,Europe,190633.0
2017-03-01,North America,26430.0
2017-03-01,Other Regions,7403.0
2017-04-01,South East Asia,1141453.0
2017-04-01,North East Asia,638053.0
2017-04-01,South Asia,209988.0
2017-04-01,Middle East,76107.0
2017-04-01,Oceania,257399.0
2017-04-01,Europe,193866.0
2017-04-01,North America,25216.0
2017-04-01,Other Regions,7795.0
2017-05-01,South East Asia,1118961.0
2017-05-01,North East Asia,633894.0
2017-05-01,South Asia,252120.0
2017-05-01,Middle East,57796.0
2017-05-01,Oceania,213618.0
2017-05-01,Europe,178845.0
2017-05-01,North America,26722.0
2017-05-01,Other Regions,7191.0
2017-06-01,South East Asia,1123911.0
2017-06-01,North East Asia,644325.0
2017-06-01,South Asia,256621.0
2017-06-01,Middle East,59785.0
2017-06-01,Oceania,235032.0
2017-06-01,Europe,192362.0
2017-06-01,North America,30355.0
2017-06-01,Other Regions,8127.0
2017-07-01,South East Asia,1176753.0
2017-07-01,North East Asia,629652.0
2017-07-01,South Asia,220933.0
2017-07-01,Middle East,60239.0
2017-07-01,Oceania,294997.0
2017-07-01,Europe,195453.0
2017-07-01,North America,31448.0
2017-07-01,Other Regions,10608.0
2017-08-01,South East Asia,1097409.0
2017-08-01,North East Asia,731278.0
2017-08-01,South Asia,228711.0
2017-08-01,Middle East,75458.0
2017-08-01,Oceania,255848.0
2017-08-01,Europe,201395.0
2017-08-01,North America,31439.0
2017-08-01,Other Regions,9994.0
2017-09-01,South East Asia,1040689.0
2017-09-01,North East Asia,580851.0
2017-09-01,South Asia,210660.0
2017-09-01,Middle East,65486.0
2017-09-01,Oceania,263838.0
2017-09-01,Europe,192890.0
2017-09-01,North America,26025.0
2017-09-01,Other Regions,9491.0
2017-10-01,South East Asia,1085390.0
2017-10-01,North East Asia,674032.0
2017-10-01,South Asia,248215.0
2017-10-01,Middle East,54640.0
2017-10-01,Oceania,287489.0
2017-10-01,Europe,162828.0
2017-10-01,North America,24213.0
2017-10-01,Other Regions,9304.0
2017-11-01,South East Asia,1128238.0
2017-11-01,North East Asia,687430.0
2017-11-01,South Asia,257383.0
2017-11-01,Middle East,66971.0
2017-11-01,Oceania,256210.0
2017-11-01,Europe,172042.0
2017-11-01,North America,29840.0
2017-11-01,Other Regions,8769.0
2017-12-01,South East Asia,1270439.0
2017-12-01,North East Asia,734481.0
2017-12-01,South Asia,287086.0
2017-12-01,Middle East,76955.0
2017-12-01,Oceania,270750.0
2017-12-01,Europe,183271.0
2017-12-01,North America,32413.0
2017-12-01,Other Regions,10701.0
2018-01-01,South East Asia,1082601.0
2018-01-01,North East Asia,589286.0
2018-01-01,South Asia,249724.0
2018-01-01,Middle East,66898.0
2018-01-01,Oceania,311756.0
2018-01-01,Europe,179272.0
2018-01-01,North America,35207.0
2018-01-01,Other Regions,10718.0
2018-02-01,South East Asia,1032487.0
2018-02-01,North East Asia,674419.0
2018-02-01,South Asia,222132.0
2018-02-01,Middle East,60144.0
2018-02-01,Oceania,272087.0
2018-02-01,Europe,164665.0
2018-02-01,North America,27340.0
2018-02-01,Other Regions,8017.0
2018-03-01,South East Asia,1208647.0
2018-03-01,North East Asia,718658.0
2018-03-01,South Asia,245647.0
2018-03-01,Middle East,74148.0
2018-03-01,Oceania,262824.0
2018-03-01,Europe,206936.0
2018-03-01,North America,34067.0
2018-03-01,Other Regions,9269.0
2018-04-01,South East Asia,1144840.0
2018-04-01,North East Asia,663265.0
2018-04-01,South Asia,239926.0
2018-04-01,Middle East,71496.0
2018-04-01,Oceania,259443.0
2018-04-01,Europe,220491.0
2018-04-01,North America,32061.0
2018-04-01,Other Regions,9171.0
2018-05-01,South East Asia,1158995.0
2018-05-01,North East Asia,672249.0
2018-05-01,South Asia,272947.0
2018-05-01,Middle East,53345.0
2018-05-01,Oceania,237288.0
2018-05-01,Europe,207651.0
2018-05-01,North America,33057.0
2018-05-01,Other Regions,8722.0
2018-06-01,South East Asia,1196726.0
2018-06-01,North East Asia,658229.0
2018-06-01,South Asia,273833.0
2018-06-01,Middle East,58705.0
2018-06-01,Oceania,247502.0
2018-06-01,Europe,220039.0
2018-06-01,North America,36530.0
2018-06-01,Other Regions,8542.0
2018-07-01,South East Asia,1210710.0
2018-07-01,North East Asia,663173.0
2018-07-01,South Asia,243094.0
2018-07-01,Middle East,62144.0
2018-07-01,Oceania,306087.0
2018-07-01,Europe,227341.0
2018-07-01,North America,38939.0
2018-07-01,Other Regions,13003.0
2018-08-01,South East Asia,1139043.0
2018-08-01,North East Asia,769629.0
2018-08-01,South Asia,258196.0
2018-08-01,Middle East,78873.0
2018-08-01,Oceania,279109.0
2018-08-01,Europe,241786.0
2018-08-01,North America,38519.0
2018-08-01,Other Regions,12758.0
2018-09-01,South East Asia,1069387.0
2018-09-01,North East Asia,634729.0
2018-09-01,South Asia,226397.0
2018-09-01,Middle East,69729.0
2018-09-01,Oceania,279992.0
2018-09-01,Europe,228727.0
2018-09-01,North America,31840.0
2018-09-01,Other Regions,9869.0
2018-10-01,South East Asia,1110909.0
2018-10-01,North East Asia,696974.0
2018-10-01,South Asia,257598.0
2018-10-01,Middle East,58188.0
2018-10-01,Oceania,299077.0
2018-10-01,Europe,188969.0
2018-10-01,North America,30941.0
2018-10-01,Other Regions,10093.0
2018-11-01,South East Asia,1157601.0
2018-11-01,North East Asia,698160.0
2018-11-01,South Asia,276959.0
2018-11-01,Middle East,67979.0
2018-11-01,Oceania,273152.0
2018-11-01,Europe,196314.0
2018-11-01,North America,36552.0
2018-11-01,Other Regions,10294.0
2018-12-01,South East Asia,1290782.0
2018-12-01,North East Asia,755171.0
2018-12-01,South Asia,307772.0
2018-12-01,Middle East,80021.0
2018-12-01,Oceania,292830.0
2018-12-01,Europe,203797.0
2018-12-01,North America,38686.0
2018-12-01,Other Regions,11190.0
2019-01-01,South East Asia,1114452.0
2019-01-01,North East Asia,660879.0
2019-01-01,South Asia,273816.0
2019-01-01,Middle East,72342.0
2019-01-01,Oceania,344602.0
2019-01-01,Europe,203841.0
2019-01-01,North America,44815.0
2019-01-01,Other Regions,11621.0
2019-02-01,South East Asia,1008101.0
2019-02-01,North East Asia,703783.0
2019-02-01,South Asia,229181.0
2019-02-01,Middle East,61076.0
2019-02-01,Oceania,296660.0
2019-02-01,Europe,181169.0
2019-02-01,North America,33811.0
2019-02-01,Other Regions,8307.0
2019-03-01,South East Asia,1165864.0
2019-03-01,North East Asia,753993.0
2019-03-01,South Asia,244800.0
2019-03-01,Middle East,76524.0
2019-03-01,Oceania,269540.0
2019-03-01,Europe,227395.0
2019-03-01,North America,39363.0
2019-03-01,Other Regions,10262.0
2019-04-01,South East Asia,1153741.0
2019-04-01,North East Asia,682529.0
2019-04-01,South Asia,233224.0
2019-04-01,Middle East,75079.0
2019-04-01,Oceania,279261.0
2019-04-01,Europe,226534.0
2019-04-01,North America,37696.0
2019-04-01,Other Regions,12534.0
2019-05-01,South East Asia,1107168.0
2019-05-01,North East Asia,722746.0
2019-05-01,South Asia,257576.0
2019-05-01,Middle East,59978.0
2019-05-01,Oceania,264324.0
2019-05-01,Europe,226574.0
2019-05-01,North America,40362.0
2019-05-01,Other Regions,12617.0
2019-06-01,South East Asia,1236436.0
2019-06-01,North East Asia,711041.0
2019-06-01,South Asia,264540.0
2019-06-01,Middle East,73618.0
2019-06-01,Oceania,267164.0
2019-06-01,Europe,226331.0
2019-06-01,North America,42877.0
2019-06-01,Other Regions,12080.0
2019-07-01,South East Asia,1223655.0
2019-07-01,North East Asia,697802.0
2019-07-01,South Asia,237246.0
2019-07-01,Middle East,73381.0
2019-07-01,Oceania,327157.0
2019-07-01,Europe,233758.0
2019-07-01,North America,46079.0
2019-07-01,Other Regions,14189.0
2019-08-01,South East Asia,1164560.0
2019-08-01,North East Asia,814406.0
2019-08-01,South Asia,244304.0
2019-08-01,Middle East,91493.0
2019-08-01,Oceania,291482.0
2019-08-01,Europe,243809.0
2019-08-01,North America,47520.0
2019-08-01,Other Regions,13956.0
2019-09-01,South East Asia,1121761.0
2019-09-01,North East Asia,668633.0
2019-09-01,South Asia,234245.0
2019-09-01,Middle East,81569.0
2019-09-01,Oceania,291886.0
2019-09-01,Europe,227980.0
2019-09-01,North America,43214.0
2019-09-01,Other Regions,13436.0
2019-10-01,South East Asia,1163071.0
2019-10-01,North East Asia,738593.0
2019-10-01,South Asia,259852.0
2019-10-01,Middle East,73099.0
2019-10-01,Oceania,316132.0
2019-10-01,Europe,196458.0
2019-10-01,North America,40543.0
2019-10-01,Other Regions,13514.0
2019-11-01,South East Asia,1208027.0
2019-11-01,North East Asia,733082.0
2019-11-01,South Asia,285565.0
2019-11-01,Middle East,79867.0
2019-11-01,Oceania,291753.0
2019-11-01,Europe,202476.0
2019-11-01,North America,42243.0
2019-11-01,Other Regions,12666.0
2019-12-01,South East Asia,1352214.0
2019-12-01,North East Asia,808300.0
2019-12-01,South Asia,313760.0
2019-12-01,Middle East,90978.0
2019-12-01,Oceania,300426.0
2019-12-01,Europe,207005.0
2019-12-01,North America,45576.0
2019-12-01,Other Regions,14569.0
2020-01-01,South East Asia,1187735.0
2020-01-01,North East Asia,698679.0
2020-01-01,South Asia,279969.0
2020-01-01,Middle East,82679.0
2020-01-01,Oceania,364406.0
2020-01-01,Europe,214209.0
2020-01-01,North America,50077.0
2020-01-01,Other Regions,15299.0
2020-02-01,South East Asia,690707.0
2020-02-01,North East Asia,250249.0
2020-02-01,South Asia,198935.0
2020-02-01,Middle East,57256.0
2020-02-01,Oceania,289339.0
2020-02-01,Europe,184672.0
2020-02-01,North America,36680.0
2020-02-01,Other Regions,10195.0
